EmployeeNumber,Age,Gender,MaritalStatus,Department,JobRole,JobLevel,MonthlyIncome,DistanceFromHome,YearsAtCompany,TotalWorkingYears,Attrition
1,41,Female,Single,Sales,Sales Executive,2,5993,1,6,8,Yes
2,49,Male,Married,Research & Development,Research Scientist,2,5130,8,10,10,No
4,37,Male,Single,Research & Development,Laboratory Technician,1,2090,2,0,7,Yes
5,33,Female,Married,Research & Development,Research Scientist,1,2909,3,8,8,No
7,27,Male,Married,Research & Development,Laboratory Technician,1,3468,2,2,6,No
8,32,Male,Single,Research & Development,Laboratory Technician,1,3068,2,7,8,No
10,59,Female,Married,Research & Development,Laboratory Technician,1,2670,3,1,12,No
11,30,Male,Divorced,Research & Development,Laboratory Technician,1,2693,24,1,1,No
12,38,Male,Single,Research & Development,Manufacturing Director,3,9526,23,9,10,No
13,36,Male,Married,Research & Development,Healthcare Representative,2,5237,27,7,17,No
14,35,Male,Married,Research & Development,Laboratory Technician,1,2426,16,5,6,No
15,29,Female,Single,Research & Development,Laboratory Technician,2,4193,15,9,10,No
16,31,Male,Divorced,Research & Development,Research Scientist,1,2911,26,5,5,No
18,34,Male,Divorced,Research & Development,Laboratory Technician,1,2661,19,2,3,No
19,28,Male,Single,Research & Development,Laboratory Technician,1,2028,24,4,6,Yes
20,29,Female,Divorced,Research & Development,Manufacturing Director,3,9980,21,10,10,No
21,32,Male,Divorced,Research & Development,Research Scientist,1,3298,5,6,7,No
22,22,Male,Divorced,Research & Development,Laboratory Technician,1,2935,16,1,1,No
23,53,Female,Married,Sales,Manager,4,15427,2,25,31,No
24,38,Male,Single,Research & Development,Research Scientist,1,3944,2,3,6,No
26,24,Female,Divorced,Research & Development,Manufacturing Director,2,4011,11,4,5,No
27,36,Male,Single,Sales,Sales Representative,1,3407,9,5,10,Yes
28,34,Female,Single,Research & Development,Research Director,3,11994,7,12,13,No
30,21,Male,Single,Research & Development,Research Scientist,1,1232,15,0,0,No
31,34,Male,Single,Research & Development,Research Scientist,1,2960,6,4,8,Yes
32,53,Female,Divorced,Research & Development,Manager,5,19094,5,14,26,No
33,32,Female,Single,Research & Development,Research Scientist,1,3919,16,10,10,Yes
35,42,Male,Married,Sales,Sales Executive,2,6825,8,9,10,No
36,44,Female,Married,Research & Development,Healthcare Representative,3,10248,7,22,24,No
38,46,Female,Single,Sales,Manager,5,18947,2,2,22,No
39,33,Male,Single,Research & Development,Laboratory Technician,1,2496,2,1,7,No
40,44,Male,Married,Research & Development,Healthcare Representative,2,6465,10,4,9,No
41,30,Male,Single,Research & Development,Laboratory Technician,1,2206,9,10,10,No
42,39,Male,Married,Sales,Sales Representative,2,2086,5,1,19,Yes
45,24,Male,Married,Research & Development,Research Scientist,1,2293,1,2,6,Yes
46,43,Female,Divorced,Research & Development,Research Scientist,1,2645,2,5,6,No
47,50,Male,Married,Sales,Sales Representative,1,2683,3,3,3,Yes
49,35,Female,Married,Sales,Sales Representative,1,2014,2,2,2,No
51,36,Female,Married,Research & Development,Research Scientist,1,3419,5,1,6,No
52,33,Female,Married,Sales,Sales Executive,2,5376,1,5,10,No
53,35,Male,Divorced,Research & Development,Laboratory Technician,1,1951,4,1,1,No
54,27,Female,Divorced,Research & Development,Laboratory Technician,1,2341,2,1,1,No
55,26,Male,Single,Research & Development,Laboratory Technician,1,2293,25,1,1,Yes
56,27,Male,Single,Sales,Sales Executive,3,8726,8,9,9,No
57,30,Female,Single,Research & Development,Laboratory Technician,2,4011,1,12,12,No
58,41,Female,Married,Research & Development,Research Director,5,19545,12,22,23,Yes
60,34,Male,Single,Sales,Sales Executive,2,4568,23,9,10,No
61,37,Male,Married,Research & Development,Research Scientist,1,3022,19,1,8,No
62,46,Male,Single,Sales,Sales Executive,2,5772,5,9,14,No
63,35,Male,Married,Research & Development,Laboratory Technician,1,2269,8,1,1,No
64,48,Male,Single,Research & Development,Laboratory Technician,3,5381,1,1,23,Yes
65,28,Male,Single,Research & Development,Laboratory Technician,1,3441,5,2,2,Yes
68,44,Female,Divorced,Sales,Sales Executive,2,5454,1,4,9,No
70,35,Male,Married,Research & Development,Healthcare Representative,3,9884,11,4,10,No
72,26,Female,Married,Sales,Sales Executive,2,4157,23,2,5,No
73,33,Female,Single,Research & Development,Research Director,3,13458,1,15,15,No
74,35,Male,Married,Sales,Sales Executive,3,9069,18,9,9,No
75,35,Female,Married,Research & Development,Laboratory Technician,1,4014,23,2,4,No
76,31,Male,Divorced,Research & Development,Laboratory Technician,2,5915,7,7,10,No
77,37,Male,Divorced,Research & Development,Manufacturing Director,2,5993,1,7,7,No
78,32,Male,Married,Research & Development,Manufacturing Director,2,6162,1,9,9,No
79,38,Female,Single,Research & Development,Laboratory Technician,2,2406,29,10,10,No
80,50,Female,Divorced,Research & Development,Research Director,5,18740,7,27,29,No
81,59,Female,Single,Sales,Sales Executive,3,7637,25,21,28,No
83,36,Female,Divorced,Research & Development,Healthcare Representative,3,10096,8,17,17,No
84,55,Female,Divorced,Research & Development,Manager,4,14756,8,5,21,No
85,36,Male,Single,Research & Development,Manufacturing Director,2,6499,11,6,6,No
86,45,Male,Divorced,Research & Development,Research Scientist,3,9724,7,1,25,No
88,35,Male,Married,Research & Development,Research Scientist,1,2194,1,3,5,No
90,36,Male,Married,Research & Development,Research Scientist,1,3388,9,1,2,Yes
91,59,Female,Single,Sales,Sales Executive,2,5473,1,4,20,No
94,29,Male,Married,Research & Development,Research Scientist,1,2703,2,5,6,No
95,31,Male,Single,Research & Development,Research Scientist,1,2501,1,1,1,No
96,32,Male,Married,Research & Development,Research Scientist,2,6220,1,10,10,No
97,36,Female,Married,Research & Development,Laboratory Technician,1,3038,6,1,5,No
98,31,Female,Single,Research & Development,Manufacturing Director,2,4424,8,11,11,No
100,35,Male,Single,Sales,Sales Executive,2,4312,1,15,16,No
101,45,Male,Married,Research & Development,Research Director,3,13245,6,0,17,No
102,37,Male,Single,Research & Development,Research Director,3,13664,7,5,16,No
103,46,Male,Divorced,Human Resources,Human Resources,2,5021,5,4,16,No
104,30,Male,Married,Research & Development,Laboratory Technician,2,5126,1,10,10,No
105,35,Male,Single,Research & Development,Research Scientist,1,2859,1,6,6,No
106,55,Male,Married,Sales,Sales Executive,3,10239,1,1,24,No
107,38,Female,Divorced,Research & Development,Research Scientist,2,5329,6,13,17,No
110,34,Male,Married,Research & Development,Manufacturing Director,2,4325,1,5,5,No
112,56,Male,Single,Research & Development,Manufacturing Director,3,7260,7,6,37,No
113,23,Male,Divorced,Sales,Sales Representative,1,2322,2,0,3,No
116,51,Male,Married,Research & Development,Laboratory Technician,1,2075,9,4,10,No
117,30,Male,Married,Research & Development,Healthcare Representative,2,4152,2,11,11,No
118,46,Male,Single,Sales,Sales Executive,3,9619,9,9,9,Yes
119,40,Male,Married,Research & Development,Healthcare Representative,4,13503,1,22,22,No
120,51,Male,Single,Sales,Sales Executive,2,5441,21,10,11,No
121,30,Female,Divorced,Sales,Sales Executive,2,5209,4,11,11,No
124,46,Male,Married,Research & Development,Healthcare Representative,3,10673,1,10,21,No
125,32,Male,Single,Sales,Sales Executive,2,5010,6,11,12,No
126,54,Female,Married,Research & Development,Research Director,3,13549,2,4,16,No
128,24,Female,Married,Sales,Sales Executive,2,4999,3,3,4,No
129,28,Male,Married,Sales,Sales Executive,2,4221,4,5,5,No
131,58,Male,Single,Sales,Sales Executive,4,13872,10,37,38,No
132,44,Male,Married,Research & Development,Laboratory Technician,2,2042,23,3,17,No
133,37,Male,Divorced,Human Resources,Human Resources,1,2073,6,3,7,Yes
134,32,Male,Single,Research & Development,Research Scientist,1,2956,1,1,1,No
137,20,Female,Single,Research & Development,Laboratory Technician,1,2926,6,1,1,Yes
138,34,Female,Single,Research & Development,Research Scientist,2,4809,6,16,16,No
139,37,Male,Divorced,Research & Development,Healthcare Representative,2,5163,2,1,17,No
140,59,Female,Married,Human Resources,Manager,5,18844,2,3,30,No
141,50,Female,Married,Research & Development,Research Director,5,18172,1,8,28,No
142,25,Male,Single,Sales,Sales Executive,2,5744,5,6,6,Yes
143,25,Male,Married,Research & Development,Research Scientist,1,2889,7,2,2,No
144,22,Female,Single,Research & Development,Laboratory Technician,1,2871,15,0,1,No
145,51,Female,Single,Research & Development,Healthcare Representative,3,7484,1,13,23,No
147,34,Male,Single,Research & Development,Laboratory Technician,2,6074,7,9,9,Yes
148,54,Female,Single,Human Resources,Manager,4,17328,26,5,23,No
150,24,Male,Married,Research & Development,Laboratory Technician,1,2774,18,5,6,No
151,34,Female,Divorced,Research & Development,Research Scientist,2,4505,6,1,12,No
152,37,Male,Single,Sales,Sales Executive,3,7428,3,5,12,No
153,34,Female,Single,Research & Development,Manager,3,11631,5,11,14,No
154,36,Female,Married,Sales,Sales Executive,3,9738,11,9,10,No
155,36,Female,Divorced,Research & Development,Laboratory Technician,1,2835,3,1,7,No
158,43,Male,Married,Sales,Manager,4,16959,26,25,25,No
159,30,Male,Divorced,Research & Development,Research Scientist,1,2613,23,10,10,No
160,33,Male,Married,Sales,Sales Executive,2,6146,22,7,8,No
161,56,Female,Married,Research & Development,Research Scientist,1,4963,14,5,7,Yes
162,51,Male,Single,Research & Development,Research Director,5,19537,6,20,23,No
163,31,Male,Married,Sales,Sales Executive,2,6172,6,7,12,Yes
164,26,Female,Married,Research & Development,Research Scientist,1,2368,6,5,5,No
165,58,Female,Married,Research & Development,Healthcare Representative,3,10312,23,40,40,Yes
167,19,Male,Single,Sales,Sales Representative,1,1675,22,0,0,Yes
169,22,Male,Married,Research & Development,Laboratory Technician,1,2523,2,2,3,No
170,49,Female,Married,Research & Development,Manufacturing Director,2,6567,20,15,16,No
171,43,Female,Single,Research & Development,Research Scientist,1,4739,28,3,18,No
174,50,Female,Single,Sales,Sales Executive,3,9208,12,2,16,No
175,31,Female,Married,Sales,Sales Executive,2,4559,20,2,4,Yes
176,41,Male,Divorced,Sales,Sales Executive,3,8189,9,9,12,No
177,26,Female,Married,Human Resources,Human Resources,1,2942,25,8,8,No
178,36,Male,Divorced,Research & Development,Manufacturing Director,2,4941,6,3,7,No
179,51,Male,Single,Research & Development,Manufacturing Director,3,10650,8,4,18,Yes
182,39,Female,Married,Sales,Sales Executive,2,5902,4,15,17,No
183,25,Male,Married,Sales,Sales Executive,2,8639,28,2,6,No
184,30,Male,Married,Human Resources,Human Resources,2,6347,9,11,12,No
190,32,Female,Single,Research & Development,Laboratory Technician,1,4200,9,5,10,Yes
192,45,Male,Single,Research & Development,Research Scientist,1,3452,29,6,9,No
193,38,Female,Single,Research & Development,Research Scientist,2,4317,3,3,19,No
194,30,Female,Single,Research & Development,Research Scientist,1,2632,18,5,5,No
195,32,Male,Divorced,Sales,Sales Executive,2,4668,9,8,9,No
197,30,Female,Divorced,Research & Development,Research Scientist,1,3204,5,3,8,No
198,30,Male,Single,Research & Development,Laboratory Technician,1,2720,2,5,6,No
199,41,Male,Divorced,Research & Development,Manager,4,17181,10,7,21,No
200,41,Male,Married,Research & Development,Laboratory Technician,1,2238,9,5,7,No
201,19,Female,Single,Research & Development,Laboratory Technician,1,1483,3,1,1,No
202,40,Female,Divorced,Research & Development,Research Scientist,2,5605,26,20,20,No
204,35,Male,Married,Sales,Sales Executive,3,7295,1,10,10,No
205,53,Male,Married,Sales,Sales Representative,2,2306,6,7,13,No
206,45,Male,Divorced,Research & Development,Laboratory Technician,2,2348,9,17,20,No
207,32,Female,Single,Sales,Sales Executive,3,8998,8,9,9,No
208,29,Male,Married,Research & Development,Manufacturing Director,2,4319,1,10,10,No
211,51,Male,Married,Research & Development,Manufacturing Director,2,6132,7,1,10,No
214,58,Female,Married,Research & Development,Research Scientist,1,3346,9,1,9,No
215,40,Male,Married,Sales,Sales Executive,3,10855,4,12,15,No
216,34,Female,Married,Sales,Sales Representative,1,2231,2,4,6,No
217,22,Male,Married,Research & Development,Research Scientist,1,2323,19,2,2,No
218,27,Male,Divorced,Research & Development,Research Scientist,1,2024,9,2,6,No
221,28,Male,Married,Research & Development,Research Scientist,1,2713,21,5,5,No
223,57,Male,Divorced,Research & Development,Healthcare Representative,3,9439,24,5,12,No
224,27,Male,Divorced,Research & Development,Research Scientist,1,2566,3,1,1,No
226,50,Female,Single,Research & Development,Manager,5,19926,11,5,21,No
227,41,Male,Divorced,Research & Development,Research Scientist,1,2451,14,9,13,No
228,30,Female,Married,Sales,Sales Executive,3,9419,5,10,12,No
230,38,Female,Single,Sales,Sales Executive,2,8686,1,8,12,No
231,32,Male,Single,Research & Development,Research Scientist,1,3038,6,5,8,No
233,27,Male,Married,Research & Development,Research Scientist,1,3058,17,5,6,No
235,19,Female,Single,Sales,Sales Representative,1,2325,1,0,1,Yes
238,36,Male,Single,Research & Development,Laboratory Technician,1,2088,3,8,13,No
239,30,Male,Divorced,Research & Development,Laboratory Technician,2,3072,9,12,12,No
240,45,Female,Divorced,Sales,Sales Executive,2,5006,4,5,9,No
241,56,Female,Divorced,Research & Development,Research Scientist,1,4257,8,2,19,No
242,33,Male,Single,Research & Development,Research Scientist,1,2500,2,3,4,No
243,19,Male,Single,Research & Development,Laboratory Technician,1,1102,2,1,1,Yes
244,46,Female,Divorced,Sales,Sales Executive,3,10453,1,24,24,No
245,38,Female,Single,Research & Development,Laboratory Technician,1,2288,9,2,2,No
246,31,Female,Married,Research & Development,Research Scientist,1,3929,12,4,7,No
247,34,Female,Single,Research & Development,Research Scientist,1,2311,27,3,9,No
248,41,Female,Single,Sales,Sales Representative,1,3140,20,4,4,Yes
249,50,Male,Married,Research & Development,Laboratory Technician,1,3690,1,3,5,No
250,53,Female,Divorced,Research & Development,Manufacturing Director,2,4450,13,4,5,No
252,33,Female,Married,Research & Development,Research Scientist,1,2756,14,8,8,No
253,40,Female,Married,Research & Development,Manager,5,19033,4,20,21,No
254,55,Male,Single,Research & Development,Research Director,5,18722,14,24,36,No
256,34,Male,Married,Research & Development,Manufacturing Director,2,9547,2,10,10,No
258,51,Female,Single,Research & Development,Healthcare Representative,4,13734,3,7,21,No
259,52,Male,Married,Research & Development,Manager,5,19999,1,33,34,No
260,27,Female,Single,Research & Development,Research Scientist,1,2279,9,7,7,No
261,35,Male,Married,Research & Development,Manufacturing Director,2,5916,23,1,8,Yes
262,43,Male,Divorced,Research & Development,Research Scientist,1,2089,7,5,7,No
264,45,Male,Married,Research & Development,Manager,4,16792,2,20,22,No
267,37,Male,Married,Research & Development,Research Scientist,1,3564,21,8,8,No
269,35,Female,Single,Research & Development,Laboratory Technician,2,4425,2,6,10,No
270,42,Female,Divorced,Research & Development,Manufacturing Director,2,5265,21,5,11,No
271,38,Male,Married,Research & Development,Manufacturing Director,2,6553,2,1,14,No
273,38,Male,Married,Research & Development,Manufacturing Director,2,6261,29,7,9,No
274,27,Male,Married,Research & Development,Manufacturing Director,2,4298,1,2,6,No
275,49,Male,Divorced,Research & Development,Manufacturing Director,2,6804,18,7,7,No
277,34,Male,Divorced,Research & Development,Research Scientist,1,3815,10,5,5,No
281,40,Male,Married,Research & Development,Laboratory Technician,2,2741,19,7,15,No
282,38,Male,Married,Research & Development,Healthcare Representative,2,6673,29,1,17,Yes
283,29,Female,Married,Sales,Sales Executive,3,7639,27,10,10,Yes
284,22,Male,Divorced,Research & Development,Research Scientist,1,2328,5,4,4,No
286,36,Female,Single,Research & Development,Laboratory Technician,1,2153,18,8,8,No
287,40,Male,Married,Research & Development,Healthcare Representative,2,4876,9,3,5,No
288,46,Male,Divorced,Research & Development,Healthcare Representative,3,9396,1,4,17,No
291,32,Male,Married,Sales,Sales Executive,3,10400,4,14,14,Yes
292,30,Male,Single,Research & Development,Manufacturing Director,3,8474,1,11,12,No
293,27,Female,Single,Sales,Sales Executive,2,9981,20,7,7,No
296,51,Male,Married,Research & Development,Research Director,3,12490,8,10,16,No
297,30,Female,Single,Research & Development,Research Scientist,1,2657,3,5,8,Yes
298,41,Female,Single,Sales,Manager,3,13591,6,1,16,No
299,30,Female,Single,Sales,Sales Executive,2,6696,26,6,9,Yes
300,29,Male,Single,Research & Development,Research Scientist,1,2058,1,6,7,Yes
302,45,Female,Single,Sales,Sales Executive,3,8865,6,19,23,No
303,54,Female,Married,Sales,Sales Executive,2,5940,3,6,16,No
304,36,Male,Single,Research & Development,Laboratory Technician,2,5914,5,13,16,No
305,33,Female,Married,Research & Development,Research Scientist,1,2622,4,3,7,No
306,37,Male,Divorced,Research & Development,Research Director,3,12185,11,10,10,No
307,38,Male,Divorced,Sales,Sales Executive,3,10609,3,16,17,No
308,31,Male,Married,Research & Development,Manufacturing Director,2,4345,1,5,6,No
309,59,Male,Married,Research & Development,Research Scientist,1,2177,3,1,7,No
311,37,Male,Divorced,Sales,Sales Representative,1,2793,4,9,13,No
312,29,Female,Married,Sales,Sales Executive,3,7918,1,11,11,No
314,35,Female,Single,Sales,Sales Executive,3,8789,1,10,10,No
315,29,Male,Single,Research & Development,Research Scientist,1,2389,18,4,4,Yes
316,52,Female,Single,Research & Development,Laboratory Technician,1,3212,2,2,6,No
319,42,Male,Married,Research & Development,Manager,5,19232,4,22,22,No
321,59,Male,Married,Human Resources,Human Resources,1,2267,6,2,7,No
323,50,Female,Divorced,Sales,Manager,5,19517,1,7,32,No
325,33,Male,Married,Research & Development,Laboratory Technician,1,2436,14,5,8,Yes
327,43,Female,Married,Sales,Manager,4,16064,16,17,22,No
328,33,Female,Married,Research & Development,Laboratory Technician,1,2707,2,9,13,Yes
329,52,Male,Single,Sales,Manager,5,19068,2,33,33,No
330,32,Female,Married,Sales,Sales Representative,1,3931,4,4,6,No
331,32,Male,Single,Research & Development,Laboratory Technician,1,3730,1,3,4,Yes
332,39,Female,Divorced,Research & Development,Laboratory Technician,1,2232,1,3,7,No
333,32,Male,Married,Sales,Sales Executive,2,4465,26,3,4,No
334,41,Male,Divorced,Research & Development,Research Scientist,2,3072,19,1,17,No
335,40,Male,Divorced,Research & Development,Research Scientist,2,3319,24,9,9,No
336,45,Male,Married,Research & Development,Manager,5,19202,1,24,25,No
337,31,Male,Divorced,Research & Development,Research Director,3,13675,3,2,9,No
338,33,Female,Married,Research & Development,Research Scientist,1,2911,5,2,2,No
339,34,Male,Married,Research & Development,Manufacturing Director,2,5957,2,11,13,No
340,37,Female,Married,Research & Development,Research Scientist,1,3920,1,3,17,No
341,45,Male,Married,Research & Development,Manufacturing Director,2,6434,7,3,9,No
342,37,Male,Divorced,Research & Development,Manufacturing Director,3,10048,10,1,17,Yes
343,39,Female,Single,Research & Development,Healthcare Representative,3,10938,2,19,20,No
346,29,Male,Single,Research & Development,Research Scientist,1,2340,15,6,6,No
347,42,Female,Single,Research & Development,Research Scientist,2,6545,17,3,10,No
349,29,Male,Divorced,Sales,Sales Executive,2,6931,20,3,10,No
350,25,Female,Married,Research & Development,Manufacturing Director,2,4898,1,4,5,No
351,42,Female,Divorced,Research & Development,Laboratory Technician,1,2593,2,9,10,No
352,40,Male,Divorced,Research & Development,Research Director,5,19436,2,21,22,No
353,51,Male,Married,Research & Development,Research Scientist,1,2723,1,1,1,No
355,31,Male,Single,Research & Development,Laboratory Technician,1,3479,29,5,6,Yes
359,32,Male,Married,Research & Development,Laboratory Technician,1,2794,7,5,5,No
361,38,Male,Married,Sales,Sales Executive,2,5249,2,8,13,No
362,32,Male,Single,Research & Development,Laboratory Technician,2,2176,2,6,9,No
363,46,Female,Married,Sales,Manager,4,16872,2,7,28,No
364,28,Male,Single,Research & Development,Laboratory Technician,1,3485,2,0,5,Yes
366,29,Male,Married,Sales,Sales Executive,2,6644,2,0,10,No
367,31,Male,Married,Research & Development,Healthcare Representative,2,5582,23,9,10,No
369,25,Male,Divorced,Research & Development,Healthcare Representative,2,4000,5,6,6,No
372,45,Male,Married,Research & Development,Healthcare Representative,4,13496,20,20,21,No
373,36,Male,Married,Research & Development,Laboratory Technician,1,3210,6,15,16,No
374,55,Male,Single,Research & Development,Manager,5,19045,1,36,37,No
376,47,Male,Married,Research & Development,Manager,3,11849,29,10,10,Yes
377,28,Male,Married,Research & Development,Research Scientist,1,2070,9,5,5,No
378,37,Male,Married,Sales,Sales Executive,2,6502,6,5,7,No
379,21,Male,Single,Research & Development,Research Scientist,1,3230,3,3,3,No
380,37,Female,Divorced,Research & Development,Research Director,3,13603,1,5,15,No
381,35,Female,Divorced,Research & Development,Manager,3,11996,22,7,10,No
382,38,Female,Divorced,Sales,Sales Executive,2,5605,7,8,8,No
384,26,Female,Divorced,Research & Development,Manufacturing Director,2,6397,1,6,6,No
385,50,Male,Divorced,Research & Development,Research Director,5,19144,4,10,28,No
386,53,Male,Married,Research & Development,Research Director,4,17584,3,5,21,No
387,42,Male,Married,Sales,Sales Executive,2,4907,1,20,20,No
388,29,Male,Single,Sales,Sales Executive,2,4554,2,10,10,No
389,55,Male,Married,Research & Development,Laboratory Technician,2,5415,20,10,12,No
390,26,Male,Married,Research & Development,Healthcare Representative,2,4741,11,5,5,No
391,37,Female,Single,Research & Development,Research Scientist,1,2115,1,17,17,No
392,44,Male,Divorced,Research & Development,Laboratory Technician,1,3161,24,1,19,Yes
393,38,Male,Divorced,Research & Development,Healthcare Representative,2,5745,23,2,10,No
394,26,Male,Divorced,Research & Development,Laboratory Technician,1,2373,16,3,5,Yes
395,28,Female,Single,Research & Development,Research Scientist,1,3310,8,5,5,No
396,49,Female,Single,Research & Development,Research Director,5,18665,10,3,22,No
397,36,Male,Single,Research & Development,Research Scientist,2,4485,3,8,10,No
399,31,Female,Divorced,Sales,Sales Representative,1,2789,5,2,2,No
401,26,Male,Single,Sales,Sales Executive,2,5828,4,8,8,Yes
403,37,Male,Married,Research & Development,Research Scientist,1,2326,9,4,4,No
404,42,Female,Married,Sales,Sales Executive,4,13525,26,20,23,No
405,18,Male,Single,Research & Development,Laboratory Technician,1,1420,3,0,0,Yes
406,35,Male,Married,Sales,Sales Executive,3,8020,16,11,12,No
407,36,Male,Married,Research & Development,Laboratory Technician,1,3688,18,1,4,No
408,51,Male,Divorced,Research & Development,Manufacturing Director,2,5482,2,4,13,No
410,41,Male,Single,Sales,Manager,4,16015,2,22,22,No
411,18,Female,Single,Sales,Sales Representative,1,1200,10,0,0,No
412,28,Male,Single,Research & Development,Healthcare Representative,2,5661,16,8,9,No
416,31,Male,Married,Sales,Sales Executive,2,6929,7,8,10,No
417,39,Male,Divorced,Research & Development,Healthcare Representative,3,9613,1,18,19,No
419,36,Female,Married,Research & Development,Laboratory Technician,2,5674,24,9,11,No
420,32,Male,Married,Sales,Sales Executive,2,5484,7,13,13,No
421,38,Female,Married,Research & Development,Research Director,3,12061,25,10,19,No
422,58,Male,Divorced,Research & Development,Healthcare Representative,2,5660,1,5,12,No
423,31,Male,Married,Research & Development,Research Scientist,1,4821,5,5,6,No
424,31,Male,Married,Human Resources,Human Resources,2,6410,2,2,9,No
425,45,Male,Divorced,Research & Development,Laboratory Technician,3,5210,7,24,24,No
426,31,Male,Divorced,Research & Development,Research Scientist,1,2695,2,2,3,No
428,33,Female,Married,Research & Development,Manager,3,11878,5,10,12,No
429,39,Male,Married,Research & Development,Manager,4,17068,10,21,21,No
430,43,Female,Single,Research & Development,Laboratory Technician,1,2455,10,8,9,No
431,49,Female,Single,Research & Development,Healthcare Representative,4,13964,1,7,25,No
433,52,Male,Married,Research & Development,Research Scientist,2,4941,8,8,11,Yes
434,27,Female,Single,Research & Development,Research Scientist,1,2478,5,4,4,No
436,32,Female,Married,Sales,Sales Executive,2,5228,8,13,13,No
437,27,Male,Single,Sales,Sales Executive,2,4478,2,5,5,No
438,31,Male,Divorced,Sales,Sales Executive,2,7547,7,7,13,No
439,32,Female,Single,Research & Development,Research Scientist,2,5055,2,7,10,No
440,28,Male,Married,Research & Development,Research Scientist,1,3464,2,3,5,Yes
441,30,Female,Married,Research & Development,Research Scientist,2,5775,28,10,11,No
442,31,Female,Married,Research & Development,Manufacturing Director,3,8943,7,10,10,No
444,39,Male,Married,Research & Development,Manager,5,19272,7,21,21,No
445,39,Female,Married,Sales,Sales Executive,2,5238,3,1,12,Yes
446,33,Male,Single,Sales,Sales Executive,2,4682,10,7,9,No
447,47,Male,Married,Research & Development,Research Director,5,18300,5,3,21,No
448,43,Female,Divorced,Research & Development,Laboratory Technician,2,5257,10,9,9,No
449,27,Male,Married,Sales,Sales Executive,2,6349,1,5,6,No
450,54,Female,Single,Research & Development,Research Scientist,2,4869,20,4,20,No
451,43,Female,Married,Research & Development,Healthcare Representative,3,9985,7,1,10,No
452,45,Male,Married,Research & Development,Research Scientist,2,3697,8,10,12,No
453,40,Male,Married,Sales,Sales Executive,2,7457,1,4,6,No
454,29,Male,Married,Research & Development,Laboratory Technician,1,2119,8,7,7,Yes
455,29,Male,Single,Research & Development,Laboratory Technician,1,3983,9,3,4,No
456,30,Female,Divorced,Sales,Sales Executive,2,6118,5,10,10,No
458,27,Female,Married,Sales,Sales Executive,2,6214,8,8,8,No
460,37,Male,Divorced,Research & Development,Manufacturing Director,2,6347,5,6,8,No
461,38,Male,Divorced,Research & Development,Research Director,3,11510,15,11,12,No
462,31,Female,Single,Research & Development,Manufacturing Director,3,7143,7,11,11,No
463,29,Female,Divorced,Sales,Sales Executive,2,8268,10,7,7,No
464,35,Male,Single,Research & Development,Manufacturing Director,3,8095,5,16,17,No
465,23,Male,Divorced,Research & Development,Research Scientist,1,2904,26,4,4,No
466,41,Male,Single,Research & Development,Manufacturing Director,2,6032,6,5,8,No
467,47,Male,Single,Sales,Sales Representative,2,2976,4,0,5,No
468,42,Female,Single,Research & Development,Research Director,4,15992,23,1,16,No
469,29,Male,Married,Sales,Sales Executive,2,4649,2,4,4,No
470,42,Male,Divorced,Human Resources,Human Resources,1,2696,2,3,4,No
471,32,Female,Married,Research & Development,Laboratory Technician,1,2370,2,8,8,No
473,48,Female,Married,Sales,Manager,3,12504,29,0,15,No
474,37,Male,Divorced,Research & Development,Research Scientist,2,5974,6,7,13,No
475,30,Female,Married,Sales,Sales Executive,2,4736,25,2,4,No
476,26,Male,Married,Sales,Sales Executive,2,5296,1,8,8,No
477,42,Male,Single,Research & Development,Healthcare Representative,2,6781,2,1,14,No
478,21,Female,Single,Sales,Sales Representative,1,2174,1,3,3,Yes
479,36,Female,Single,Sales,Sales Executive,2,6653,1,1,7,No
481,36,Male,Married,Sales,Sales Executive,3,9699,3,13,16,No
482,57,Male,Married,Research & Development,Healthcare Representative,2,6755,1,3,15,No
483,40,Female,Married,Research & Development,Laboratory Technician,1,2213,10,7,10,No
484,21,Male,Single,Sales,Sales Representative,1,2610,9,3,3,No
485,33,Female,Single,Sales,Sales Representative,1,2851,5,1,1,Yes
486,37,Female,Married,Research & Development,Laboratory Technician,1,3452,10,5,17,No
487,46,Female,Married,Research & Development,Manufacturing Director,2,5258,7,1,7,No
488,41,Male,Single,Sales,Sales Executive,2,9355,4,8,8,Yes
491,50,Male,Single,Research & Development,Healthcare Representative,3,10496,10,4,20,No
492,40,Male,Married,Sales,Sales Executive,2,6380,22,6,8,Yes
493,31,Male,Single,Research & Development,Research Scientist,1,2657,9,2,3,No
494,21,Female,Single,Sales,Sales Representative,1,2716,12,1,1,Yes
495,29,Male,Single,Research & Development,Research Scientist,1,2201,23,3,6,No
496,35,Male,Single,Research & Development,Healthcare Representative,2,6540,9,1,10,No
497,27,Male,Divorced,Research & Development,Laboratory Technician,1,3816,1,5,5,No
498,28,Male,Single,Sales,Sales Executive,2,5253,9,7,7,No
499,49,Male,Single,Research & Development,Healthcare Representative,3,10965,7,5,26,No
500,51,Female,Married,Sales,Sales Executive,2,4936,14,7,18,No
501,36,Female,Married,Research & Development,Research Scientist,1,2543,2,2,6,No
502,34,Male,Single,Sales,Sales Executive,2,5304,19,5,9,Yes
505,55,Female,Single,Research & Development,Manager,4,16659,2,5,30,No
507,24,Female,Divorced,Sales,Sales Executive,2,4260,10,5,5,No
508,30,Male,Married,Sales,Sales Representative,1,2476,2,1,1,No
510,26,Male,Single,Research & Development,Research Scientist,1,3102,3,6,7,Yes
511,22,Female,Married,Research & Development,Research Scientist,1,2244,11,2,2,No
513,36,Male,Married,Sales,Sales Executive,3,7596,2,10,10,No
514,30,Male,Single,Research & Development,Research Scientist,1,2285,4,1,3,Yes
515,37,Female,Divorced,Research & Development,Laboratory Technician,1,3034,14,18,18,No
516,40,Female,Divorced,Sales,Sales Executive,2,5715,2,5,8,No
517,42,Female,Divorced,Research & Development,Laboratory Technician,1,2576,1,5,8,No
518,37,Male,Single,Research & Development,Manufacturing Director,2,4197,10,1,18,No
520,43,Male,Divorced,Research & Development,Research Director,4,14336,12,25,25,No
521,40,Female,Married,Research & Development,Laboratory Technician,2,3448,2,1,20,No
522,54,Male,Married,Research & Development,Research Director,5,19406,5,4,24,No
523,34,Female,Married,Sales,Sales Executive,2,6538,4,3,6,No
524,31,Female,Married,Research & Development,Manufacturing Director,2,4306,7,13,13,No
525,43,Male,Married,Research & Development,Laboratory Technician,1,2258,21,3,8,No
526,43,Female,Divorced,Research & Development,Healthcare Representative,2,4522,8,5,8,No
527,25,Female,Single,Sales,Sales Executive,2,4487,4,5,5,No
529,37,Female,Married,Research & Development,Research Scientist,2,4449,25,13,15,No
530,31,Male,Married,Research & Development,Laboratory Technician,1,2218,1,4,4,No
531,39,Male,Divorced,Research & Development,Manager,5,19197,1,21,21,No
532,56,Female,Married,Sales,Sales Executive,4,13212,6,7,36,No
533,30,Female,Single,Sales,Sales Executive,2,6577,12,5,6,No
534,41,Male,Married,Sales,Sales Executive,3,8392,1,10,10,No
536,28,Male,Divorced,Research & Development,Laboratory Technician,2,4558,17,10,10,No
538,25,Male,Married,Research & Development,Laboratory Technician,1,4031,3,2,6,Yes
543,52,Male,Married,Research & Development,Manufacturing Director,3,7969,3,5,28,No
544,45,Male,Married,Research & Development,Research Scientist,1,2654,10,2,8,No
546,52,Female,Married,Research & Development,Manager,4,16555,4,5,31,No
547,42,Female,Divorced,Research & Development,Research Scientist,2,4556,29,5,19,No
548,30,Female,Single,Research & Development,Manufacturing Director,2,6091,2,5,11,No
549,60,Female,Married,Research & Development,Manager,5,19566,7,29,33,No
550,46,Female,Divorced,Research & Development,Manufacturing Director,2,4810,18,10,19,No
551,42,Female,Married,Research & Development,Healthcare Representative,2,4523,28,6,7,No
554,24,Female,Single,Sales,Sales Representative,1,3202,1,5,6,Yes
555,34,Female,Divorced,Sales,Sales Representative,1,2351,6,2,3,Yes
556,38,Male,Married,Research & Development,Laboratory Technician,1,1702,2,1,1,No
558,40,Female,Married,Sales,Manager,5,18041,2,20,21,No
560,26,Female,Divorced,Research & Development,Research Scientist,1,2886,23,3,3,No
562,30,Male,Married,Research & Development,Laboratory Technician,1,2097,3,5,9,No
564,29,Male,Married,Research & Development,Research Director,3,11935,3,10,10,No
565,29,Female,Married,Research & Development,Research Scientist,1,2546,25,2,6,Yes
566,19,Male,Single,Human Resources,Human Resources,1,2564,2,1,1,Yes
567,30,Female,Married,Sales,Sales Executive,3,8412,22,9,10,No
568,57,Male,Divorced,Sales,Manager,4,14118,29,1,32,No
569,50,Male,Married,Research & Development,Manager,4,17046,29,27,28,No
571,30,Female,Single,Research & Development,Laboratory Technician,1,2564,2,11,12,No
573,60,Female,Married,Sales,Sales Executive,3,10266,28,18,22,No
574,47,Female,Divorced,Research & Development,Manufacturing Director,2,5070,2,5,20,No
575,46,Male,Married,Research & Development,Research Director,4,17861,2,3,26,No
577,35,Male,Single,Research & Development,Laboratory Technician,1,4230,22,5,6,No
578,54,Female,Single,Research & Development,Laboratory Technician,2,3780,8,1,19,No
579,34,Male,Divorced,Research & Development,Research Scientist,1,2768,2,7,14,No
580,46,Female,Married,Sales,Sales Executive,3,9071,10,3,15,No
581,31,Male,Divorced,Research & Development,Manufacturing Director,3,10648,9,13,13,No
582,33,Male,Married,Research & Development,Manager,3,13610,15,7,15,Yes
584,33,Male,Divorced,Research & Development,Laboratory Technician,1,3408,10,4,8,Yes
585,30,Male,Single,Sales,Sales Representative,1,2983,7,3,4,No
586,35,Male,Married,Research & Development,Healthcare Representative,3,7632,16,8,10,No
587,31,Male,Married,Research & Development,Healthcare Representative,3,9824,20,1,12,Yes
590,34,Female,Divorced,Human Resources,Human Resources,3,9950,23,3,11,Yes
591,42,Male,Married,Research & Development,Laboratory Technician,1,2093,5,2,8,No
592,36,Male,Single,Sales,Sales Executive,3,9980,10,10,10,No
593,22,Male,Single,Research & Development,Laboratory Technician,1,3894,4,2,4,Yes
595,48,Female,Married,Sales,Sales Executive,2,4051,2,9,14,No
597,55,Female,Single,Sales,Manager,4,16835,18,10,37,No
599,41,Male,Single,Sales,Sales Executive,2,6230,10,14,16,No
600,35,Male,Married,Sales,Sales Executive,2,4717,1,11,15,No
601,40,Female,Single,Research & Development,Manufacturing Director,4,13237,6,20,22,No
602,39,Female,Married,Research & Development,Laboratory Technician,1,3755,8,8,8,No
604,31,Male,Single,Sales,Sales Executive,2,6582,2,6,10,No
605,42,Male,Married,Research & Development,Manufacturing Director,3,7406,24,10,10,No
606,45,Male,Married,Sales,Sales Executive,2,4805,2,8,9,No
608,26,Female,Divorced,Human Resources,Human Resources,1,2741,17,7,8,Yes
611,29,Male,Divorced,Research & Development,Manufacturing Director,2,4262,19,3,8,No
612,33,Female,Divorced,Research & Development,Research Director,4,16184,1,6,10,No
613,31,Male,Divorced,Sales,Manager,3,11557,7,5,10,No
614,18,Male,Single,Sales,Sales Representative,1,1878,5,0,0,Yes
615,40,Male,Divorced,Sales,Sales Executive,3,10932,28,1,20,No
616,41,Female,Single,Research & Development,Healthcare Representative,2,6811,2,8,10,No
618,26,Male,Divorced,Sales,Sales Executive,2,4306,29,0,8,No
620,35,Female,Single,Sales,Sales Executive,2,4859,1,5,5,No
621,34,Male,Single,Sales,Sales Executive,2,5337,21,10,10,No
622,26,Male,Single,Research & Development,Laboratory Technician,1,2340,24,1,1,Yes
623,37,Female,Single,Research & Development,Manufacturing Director,3,7491,1,6,12,No
624,46,Female,Married,Research & Development,Healthcare Representative,3,10527,18,2,28,No
625,41,Female,Married,Sales,Manager,4,16595,2,18,22,No
626,37,Male,Divorced,Sales,Sales Executive,3,8834,9,9,9,No
630,52,Male,Divorced,Research & Development,Research Scientist,2,5577,6,10,18,No
631,32,Male,Married,Sales,Sales Executive,2,4707,11,4,6,Yes
632,24,Male,Married,Sales,Sales Representative,1,2400,24,2,3,No
634,38,Female,Married,Research & Development,Healthcare Representative,2,9824,10,1,18,No
635,37,Female,Married,Research & Development,Manufacturing Director,2,6447,1,6,8,No
638,49,Male,Divorced,Research & Development,Research Director,5,19502,18,31,31,No
639,24,Male,Married,Research & Development,Research Scientist,1,2725,23,6,6,No
641,26,Male,Married,Sales,Sales Executive,2,6272,28,5,6,No
643,24,Male,Married,Research & Development,Laboratory Technician,1,2127,17,1,1,No
644,50,Male,Married,Human Resources,Manager,5,18200,3,32,32,No
645,25,Male,Married,Sales,Sales Representative,1,2096,13,7,7,No
647,24,Female,Married,Research & Development,Laboratory Technician,1,2886,7,6,6,Yes
648,30,Male,Married,Sales,Sales Representative,1,2033,12,1,1,Yes
649,34,Male,Married,Research & Development,Research Scientist,1,3622,1,6,6,No
650,31,Male,Divorced,Sales,Sales Executive,2,4233,13,3,9,Yes
652,35,Male,Single,Research & Development,Laboratory Technician,2,3681,25,3,9,No
653,31,Male,Divorced,Sales,Sales Executive,2,5460,6,7,13,No
655,27,Female,Divorced,Research & Development,Research Scientist,1,2187,6,5,6,No
656,37,Male,Married,Sales,Sales Executive,2,9602,2,3,17,No
657,20,Female,Single,Research & Development,Research Scientist,1,2836,1,1,1,No
659,42,Female,Married,Research & Development,Healthcare Representative,2,4089,2,10,10,No
661,43,Male,Divorced,Research & Development,Research Director,4,16627,6,1,21,No
662,38,Female,Single,Research & Development,Research Scientist,1,2619,1,0,8,No
663,43,Male,Divorced,Research & Development,Laboratory Technician,2,5679,9,8,10,No
664,48,Female,Married,Research & Development,Manager,4,15402,1,3,21,No
665,44,Female,Single,Human Resources,Human Resources,2,5985,1,2,10,No
666,34,Female,Divorced,Sales,Sales Representative,1,2579,14,8,8,No
667,27,Male,Divorced,Sales,Sales Representative,1,3041,2,4,5,Yes
669,21,Male,Single,Sales,Sales Representative,1,3447,22,3,3,No
671,44,Male,Married,Research & Development,Manager,5,19513,3,2,26,No
675,22,Male,Married,Research & Development,Research Scientist,1,2773,6,2,3,No
677,33,Male,Divorced,Sales,Sales Executive,2,7104,8,5,6,No
679,32,Female,Married,Research & Development,Research Scientist,2,6322,9,6,6,No
680,30,Female,Divorced,Research & Development,Research Scientist,1,2083,3,1,1,No
682,53,Female,Single,Sales,Sales Executive,2,8381,1,14,18,No
683,34,Male,Married,Research & Development,Research Scientist,1,2691,1,10,10,No
684,45,Female,Married,Sales,Sales Executive,2,4286,26,1,5,Yes
686,26,Female,Married,Research & Development,Laboratory Technician,1,2659,6,3,3,No
689,37,Male,Married,Research & Development,Manufacturing Director,3,9434,3,10,10,No
690,29,Female,Married,Sales,Sales Executive,2,5561,3,6,6,No
691,35,Male,Single,Research & Development,Research Scientist,2,6646,6,17,17,No
692,33,Male,Divorced,Research & Development,Healthcare Representative,2,7725,6,13,15,No
698,54,Male,Married,Human Resources,Human Resources,3,10725,19,9,16,No
699,36,Male,Divorced,Research & Development,Manufacturing Director,2,8847,9,3,13,No
700,27,Male,Single,Research & Development,Research Scientist,1,2045,3,4,5,No
701,20,Male,Single,Research & Development,Research Scientist,1,1009,10,1,1,Yes
702,33,Male,Single,Research & Development,Research Scientist,1,3348,3,10,10,Yes
704,35,Male,Married,Research & Development,Laboratory Technician,1,1281,3,1,1,No
705,23,Male,Married,Research & Development,Research Scientist,1,2819,4,3,5,No
707,25,Male,Married,Sales,Sales Executive,2,4851,8,3,4,No
709,38,Female,Single,Sales,Sales Executive,2,4028,7,7,8,No
710,29,Male,Divorced,Research & Development,Research Scientist,1,2720,1,10,10,No
712,48,Male,Married,Sales,Sales Executive,2,8120,2,2,12,No
714,27,Female,Divorced,Sales,Sales Executive,2,4647,3,6,6,No
715,37,Male,Single,Research & Development,Research Scientist,1,4680,10,1,4,No
716,50,Male,Married,Research & Development,Laboratory Technician,1,3221,28,20,20,No
717,34,Female,Single,Research & Development,Healthcare Representative,3,8621,9,8,9,No
720,24,Female,Single,Sales,Sales Executive,2,4577,3,2,4,Yes
721,39,Female,Single,Research & Development,Healthcare Representative,2,4553,2,20,20,No
722,32,Male,Single,Sales,Sales Executive,2,5396,10,10,10,No
723,50,Male,Married,Sales,Sales Executive,2,6796,8,4,18,Yes
724,38,Female,Single,Research & Development,Healthcare Representative,2,7625,1,9,10,No
725,27,Female,Married,Research & Development,Manufacturing Director,3,7412,1,9,9,No
727,32,Female,Single,Research & Development,Research Director,3,11159,3,7,10,No
728,47,Male,Single,Sales,Sales Executive,2,4960,14,7,20,No
729,40,Male,Married,Sales,Sales Executive,3,10475,5,18,20,No
730,53,Male,Married,Research & Development,Research Director,4,14814,7,5,32,No
731,41,Male,Divorced,Human Resources,Manager,5,19141,10,21,23,No
732,60,Male,Single,Sales,Sales Executive,2,5405,16,2,10,No
733,27,Male,Divorced,Research & Development,Manufacturing Director,3,8793,10,9,9,No
734,41,Male,Married,Human Resources,Manager,5,19189,1,22,22,No
738,50,Male,Married,Sales,Sales Representative,1,3875,8,2,4,No
741,28,Female,Single,Research & Development,Research Scientist,1,2216,1,7,10,Yes
742,36,Female,Married,Research & Development,Research Director,3,11713,8,8,10,No
743,38,Female,Single,Research & Development,Manufacturing Director,3,7861,1,1,10,No
744,44,Male,Single,Research & Development,Laboratory Technician,1,3708,24,5,9,No
746,47,Female,Divorced,Sales,Sales Executive,4,13770,3,22,28,No
747,30,Male,Divorced,Sales,Sales Executive,2,5304,27,8,10,No
749,29,Male,Single,Sales,Sales Representative,1,2642,10,1,1,No
752,42,Male,Divorced,Research & Development,Research Scientist,1,2759,19,2,7,Yes
754,43,Male,Married,Sales,Sales Executive,2,6804,15,2,7,No
757,34,Female,Single,Research & Development,Healthcare Representative,2,6142,8,5,10,No
758,23,Male,Married,Research & Development,Laboratory Technician,1,2500,9,4,5,No
760,39,Female,Married,Human Resources,Human Resources,2,6389,3,8,12,No
762,56,Male,Married,Research & Development,Healthcare Representative,4,11103,9,10,30,No
763,40,Female,Single,Research & Development,Research Scientist,1,2342,2,4,5,No
764,27,Female,Single,Research & Development,Healthcare Representative,2,6811,7,7,9,No
766,29,Male,Divorced,Sales,Sales Representative,1,2297,10,2,2,No
769,53,Male,Single,Research & Development,Laboratory Technician,2,2450,6,2,19,No
771,35,Female,Divorced,Research & Development,Healthcare Representative,2,5093,2,1,16,No
772,32,Male,Married,Research & Development,Laboratory Technician,2,5309,24,10,10,No
773,38,Male,Married,Research & Development,Research Scientist,1,3057,2,1,6,No
775,34,Female,Divorced,Research & Development,Manufacturing Director,2,5121,8,0,7,No
776,52,Male,Married,Sales,Manager,4,16856,3,34,34,No
780,33,Male,Single,Research & Development,Research Scientist,1,2686,1,10,10,Yes
781,25,Female,Single,Sales,Sales Executive,2,6180,26,6,6,No
783,45,Male,Single,Sales,Sales Representative,2,6632,2,8,9,No
784,23,Male,Single,Research & Development,Research Scientist,1,3505,10,2,2,No
785,47,Female,Single,Sales,Sales Executive,2,6397,27,5,8,Yes
786,34,Male,Single,Sales,Sales Executive,2,6274,2,6,6,No
787,55,Male,Married,Research & Development,Manager,5,19859,2,5,24,Yes
789,36,Male,Single,Sales,Sales Executive,3,7587,8,10,10,No
791,52,Male,Married,Research & Development,Research Scientist,1,4258,19,4,5,No
792,26,Female,Divorced,Research & Development,Laboratory Technician,1,4364,1,2,5,No
793,29,Female,Married,Research & Development,Healthcare Representative,2,4335,27,8,11,No
796,26,Male,Single,Sales,Sales Executive,2,5326,8,4,6,Yes
797,34,Female,Single,Research & Development,Research Scientist,1,3280,1,4,10,No
799,54,Female,Divorced,Research & Development,Manufacturing Director,2,5485,19,5,9,No
800,27,Male,Married,Sales,Sales Executive,2,4342,8,4,5,No
802,37,Female,Divorced,Research & Development,Research Scientist,1,2782,10,5,6,No
803,38,Female,Single,Research & Development,Manufacturing Director,2,5980,2,15,17,No
804,34,Female,Single,Research & Development,Research Scientist,1,4381,2,6,6,No
805,35,Female,Married,Sales,Sales Representative,1,2572,8,3,3,No
806,30,Male,Married,Research & Development,Laboratory Technician,1,3833,1,2,7,No
807,40,Female,Married,Research & Development,Healthcare Representative,2,4244,2,8,8,No
808,34,Female,Married,Sales,Sales Executive,2,6500,8,3,6,No
809,42,Male,Divorced,Research & Development,Manager,5,18430,8,24,24,No
811,23,Male,Married,Research & Development,Laboratory Technician,1,1601,6,0,1,Yes
812,24,Male,Divorced,Research & Development,Laboratory Technician,1,2694,9,1,1,No
813,52,Female,Married,Research & Development,Laboratory Technician,2,3149,11,5,9,No
815,50,Male,Married,Research & Development,Research Director,4,17639,2,4,30,No
816,29,Female,Married,Research & Development,Laboratory Technician,1,2319,1,1,1,Yes
817,33,Male,Married,Research & Development,Research Director,3,11691,7,13,14,No
819,33,Female,Single,Sales,Sales Executive,2,5324,16,3,6,Yes
820,47,Female,Married,Research & Development,Manager,4,16752,2,26,26,No
823,36,Female,Married,Research & Development,Manufacturing Director,2,5228,1,9,10,No
824,29,Male,Married,Research & Development,Research Scientist,1,2700,23,10,10,No
825,58,Male,Single,Research & Development,Research Director,5,19246,2,31,40,Yes
826,35,Female,Single,Research & Development,Research Scientist,1,2506,1,2,7,No
827,42,Female,Married,Research & Development,Manufacturing Director,2,6062,1,4,8,No
828,28,Male,Single,Research & Development,Research Scientist,1,4382,2,2,5,Yes
829,36,Male,Married,Human Resources,Human Resources,1,2143,13,5,8,No
830,32,Female,Married,Research & Development,Manufacturing Director,2,6162,4,14,14,No
832,40,Male,Single,Research & Development,Laboratory Technician,2,5094,16,1,10,No
833,30,Female,Single,Research & Development,Manufacturing Director,2,6877,2,0,12,No
834,45,Female,Single,Research & Development,Research Scientist,1,2274,2,1,1,No
836,42,Male,Married,Research & Development,Manufacturing Director,2,4434,29,9,10,No
837,38,Male,Divorced,Research & Development,Healthcare Representative,2,6288,12,4,13,No
838,34,Female,Single,Research & Development,Research Scientist,1,2553,16,5,6,No
840,49,Female,Married,Sales,Sales Executive,3,7654,11,9,9,Yes
842,55,Male,Single,Sales,Sales Executive,2,5160,2,9,12,Yes
843,43,Male,Married,Research & Development,Research Director,4,17159,14,4,22,No
844,27,Male,Divorced,Research & Development,Research Director,3,12808,5,9,9,No
845,35,Male,Single,Research & Development,Manufacturing Director,3,10221,7,8,17,No
846,28,Female,Married,Sales,Sales Executive,2,4779,2,8,8,No
847,34,Male,Married,Human Resources,Human Resources,1,3737,3,3,4,No
848,26,Female,Married,Research & Development,Research Scientist,1,2366,5,8,8,Yes
850,27,Male,Married,Research & Development,Research Scientist,1,1706,3,0,0,No
851,51,Female,Married,Sales,Manager,4,16307,26,20,29,No
852,44,Male,Single,Research & Development,Healthcare Representative,2,5933,4,5,10,No
854,25,Male,Single,Research & Development,Research Scientist,1,3424,2,4,6,No
855,33,Male,Divorced,Sales,Sales Executive,2,4037,1,9,9,No
856,35,Female,Single,Research & Development,Research Scientist,1,2559,27,6,6,No
857,36,Male,Married,Sales,Sales Executive,2,6201,1,18,18,No
859,32,Male,Divorced,Sales,Sales Executive,2,4403,13,5,8,No
861,30,Male,Divorced,Research & Development,Research Scientist,1,3761,5,5,10,No
862,53,Female,Married,Sales,Sales Executive,3,10934,7,5,35,No
864,45,Male,Divorced,Sales,Sales Executive,3,10761,9,5,18,No
865,32,Female,Married,Research & Development,Research Scientist,2,5175,8,5,9,No
867,52,Female,Married,Research & Development,Manufacturing Director,4,13826,25,9,31,No
868,37,Male,Divorced,Sales,Sales Executive,2,6334,16,1,9,No
869,28,Male,Divorced,Human Resources,Human Resources,1,4936,8,5,6,No
872,22,Male,Married,Research & Development,Manufacturing Director,2,4775,1,2,4,No
874,44,Male,Married,Research & Development,Laboratory Technician,1,2818,8,3,10,No
875,42,Male,Single,Research & Development,Research Scientist,1,2515,2,2,8,No
878,36,Male,Married,Human Resources,Human Resources,1,2342,8,5,6,No
879,25,Male,Married,Sales,Sales Executive,2,4194,3,5,5,No
880,35,Female,Married,Research & Development,Manufacturing Director,3,10685,9,17,17,No
881,35,Female,Divorced,Research & Development,Research Scientist,1,2022,25,10,10,Yes
882,32,Male,Divorced,Research & Development,Laboratory Technician,1,2314,1,3,4,No
885,25,Male,Married,Sales,Sales Executive,2,4256,4,5,5,No
887,49,Female,Married,Research & Development,Research Scientist,1,3580,1,4,7,No
888,24,Male,Married,Research & Development,Laboratory Technician,1,3162,4,5,6,No
889,32,Male,Married,Sales,Sales Executive,2,6524,5,10,10,No
893,38,Male,Married,Sales,Sales Representative,1,2899,9,2,3,No
894,42,Female,Married,Research & Development,Laboratory Technician,2,5231,3,5,17,No
895,31,Male,Married,Research & Development,Research Scientist,1,2356,11,6,8,No
896,29,Female,Divorced,Sales,Sales Representative,1,2800,1,3,5,Yes
897,53,Male,Married,Sales,Sales Executive,4,11836,8,2,28,No
899,35,Male,Married,Research & Development,Manufacturing Director,3,10903,25,13,16,No
900,37,Female,Married,Sales,Sales Representative,1,2973,21,5,10,No
901,53,Female,Single,Research & Development,Research Director,4,14275,23,12,33,No
902,43,Female,Married,Research & Development,Healthcare Representative,2,5562,1,5,12,No
903,47,Female,Married,Sales,Sales Executive,2,4537,2,7,8,No
904,37,Male,Single,Sales,Sales Executive,3,7642,19,10,10,No
905,50,Male,Divorced,Research & Development,Manager,4,17924,2,31,31,No
909,39,Female,Married,Human Resources,Human Resources,2,5204,2,5,13,No
910,33,Male,Divorced,Human Resources,Human Resources,1,2277,3,4,7,No
911,32,Male,Single,Research & Development,Laboratory Technician,1,2795,25,1,1,Yes
912,29,Female,Divorced,Research & Development,Laboratory Technician,1,2532,7,4,8,No
913,44,Male,Married,Research & Development,Research Scientist,1,2559,9,8,8,No
916,28,Male,Single,Sales,Sales Executive,2,4908,5,4,4,No
918,58,Male,Divorced,Research & Development,Laboratory Technician,1,2380,2,1,3,Yes
920,43,Female,Divorced,Research & Development,Manufacturing Director,2,4765,8,1,4,No
922,20,Female,Single,Sales,Sales Representative,1,2044,2,2,2,Yes
923,21,Female,Single,Research & Development,Research Scientist,1,2693,18,1,1,Yes
924,36,Male,Married,Research & Development,Healthcare Representative,2,6586,14,16,17,No
925,47,Female,Single,Sales,Sales Representative,1,3294,2,3,3,No
926,22,Female,Married,Research & Development,Manufacturing Director,2,4171,3,3,4,Yes
927,41,Female,Divorced,Research & Development,Laboratory Technician,1,2778,2,7,10,Yes
930,28,Female,Divorced,Research & Development,Research Scientist,1,2377,9,2,6,No
932,39,Male,Married,Research & Development,Laboratory Technician,1,2404,6,2,8,Yes
933,27,Female,Single,Research & Development,Research Scientist,1,2318,4,1,1,No
934,34,Male,Divorced,Research & Development,Laboratory Technician,1,2008,10,1,1,No
936,42,Female,Single,Sales,Sales Executive,2,6244,14,5,10,No
939,33,Male,Single,Research & Development,Research Scientist,1,2799,1,3,6,No
940,58,Female,Divorced,Research & Development,Healthcare Representative,3,10552,5,6,24,No
941,31,Male,Married,Sales,Sales Representative,1,2329,7,7,13,No
942,35,Female,Married,Research & Development,Healthcare Representative,2,4014,21,10,10,No
944,49,Female,Married,Research & Development,Laboratory Technician,3,7403,8,26,29,No
945,48,Male,Married,Research & Development,Research Scientist,1,2259,20,0,13,No
947,31,Female,Married,Sales,Sales Executive,2,6932,20,9,9,No
949,36,Male,Single,Research & Development,Research Scientist,1,4678,7,6,8,No
950,38,Female,Married,Research & Development,Research Director,3,13582,1,15,15,No
951,32,Female,Married,Research & Development,Laboratory Technician,1,2332,1,3,5,No
952,25,Male,Married,Sales,Sales Representative,1,2413,19,1,1,Yes
954,40,Male,Divorced,Sales,Sales Executive,3,9705,10,1,11,No
956,26,Male,Single,Sales,Sales Executive,2,4294,1,7,7,No
957,41,Male,Single,Research & Development,Laboratory Technician,1,4721,6,18,20,No
958,36,Male,Single,Research & Development,Laboratory Technician,1,2519,2,11,16,No
959,19,Male,Single,Sales,Sales Representative,1,2121,21,1,1,Yes
960,20,Male,Single,Research & Development,Laboratory Technician,1,2973,4,1,1,Yes
961,31,Female,Married,Research & Development,Healthcare Representative,2,5855,12,9,10,No
964,40,Male,Divorced,Research & Development,Research Scientist,1,3617,9,1,3,No
966,32,Female,Married,Research & Development,Manufacturing Director,2,6725,3,8,8,No
967,36,Male,Married,Sales,Sales Executive,3,10325,3,16,16,Yes
969,33,Female,Single,Research & Development,Healthcare Representative,2,6949,1,5,6,No
970,37,Male,Married,Sales,Sales Executive,3,10609,1,14,17,Yes
972,45,Male,Married,Research & Development,Laboratory Technician,2,4447,4,9,9,No
974,29,Female,Married,Sales,Sales Representative,1,2157,20,3,3,No
975,35,Female,Married,Sales,Sales Executive,2,4601,18,5,5,No
976,52,Male,Married,Research & Development,Manager,4,17099,1,9,26,No
977,58,Male,Single,Research & Development,Research Scientist,1,2479,2,1,7,Yes
981,53,Male,Divorced,Sales,Manager,4,14852,2,17,22,No
982,30,Male,Divorced,Sales,Sales Executive,3,7264,8,8,10,No
983,38,Female,Single,Sales,Sales Executive,2,5666,10,5,6,No
984,35,Male,Divorced,Sales,Sales Executive,3,7823,3,10,12,No
985,39,Male,Single,Sales,Sales Executive,3,7880,2,8,9,No
986,40,Female,Single,Sales,Sales Executive,4,13194,24,1,22,Yes
987,47,Male,Divorced,Research & Development,Manufacturing Director,2,5067,16,19,20,No
990,36,Male,Divorced,Sales,Sales Executive,2,5079,8,7,12,No
991,31,Male,Single,Research & Development,Research Scientist,1,2321,9,3,4,Yes
992,33,Male,Single,Sales,Manager,4,17444,17,10,10,No
994,29,Female,Single,Research & Development,Research Scientist,1,2404,10,0,3,Yes
995,33,Female,Single,Research & Development,Research Scientist,1,3452,13,3,5,No
996,45,Female,Divorced,Research & Development,Laboratory Technician,1,2270,1,5,8,No
997,50,Male,Divorced,Research & Development,Research Director,4,17399,1,5,32,No
998,33,Female,Married,Research & Development,Healthcare Representative,2,5488,1,6,6,No
999,41,Male,Divorced,Research & Development,Research Director,5,19419,9,18,21,No
1001,27,Female,Married,Research & Development,Laboratory Technician,1,2811,16,2,4,No
1002,45,Male,Married,Research & Development,Laboratory Technician,2,3633,23,9,9,No
1003,47,Female,Single,Sales,Sales Executive,2,4163,4,9,9,No
1004,30,Female,Married,Research & Development,Research Scientist,1,2132,22,5,7,Yes
1005,50,Male,Married,Research & Development,Manufacturing Director,4,13973,24,12,22,No
1006,38,Male,Married,Research & Development,Research Scientist,1,2684,10,2,3,No
1007,46,Male,Divorced,Research & Development,Manufacturing Director,3,10845,7,8,13,No
1009,24,Female,Divorced,Research & Development,Manufacturing Director,2,4377,17,4,5,No
1010,35,Male,Divorced,Research & Development,Laboratory Technician,1,3743,14,4,5,Yes
1011,31,Female,Married,Research & Development,Manufacturing Director,2,4148,1,4,4,No
1012,18,Male,Single,Research & Development,Research Scientist,1,1051,5,0,0,No
1013,54,Female,Married,Research & Development,Manufacturing Director,3,10739,17,10,22,No
1014,35,Female,Divorced,Research & Development,Healthcare Representative,3,10388,25,16,16,No
1015,30,Female,Married,Research & Development,Research Director,3,11416,8,8,9,No
1016,20,Female,Single,Research & Development,Research Scientist,1,2600,11,1,1,Yes
1017,30,Female,Single,Research & Development,Laboratory Technician,1,2422,5,3,4,Yes
1018,26,Male,Married,Research & Development,Manufacturing Director,2,5472,2,8,8,No
1019,22,Male,Married,Research & Development,Laboratory Technician,1,2451,8,4,4,No
1022,48,Male,Single,Research & Development,Healthcare Representative,2,4240,6,2,19,No
1024,48,Male,Single,Research & Development,Healthcare Representative,3,10999,4,15,27,No
1025,41,Female,Single,Research & Development,Manufacturing Director,2,5003,7,2,8,No
1026,39,Female,Married,Research & Development,Manufacturing Director,4,12742,1,21,21,No
1027,27,Female,Married,Research & Development,Manufacturing Director,2,4227,2,3,4,No
1028,35,Male,Divorced,Research & Development,Laboratory Technician,1,3917,10,3,3,No
1029,42,Male,Married,Sales,Manager,5,18303,5,1,21,No
1030,50,Male,Married,Research & Development,Laboratory Technician,1,2380,9,1,8,No
1032,59,Female,Single,Research & Development,Manufacturing Director,4,13726,2,5,30,No
1033,37,Female,Married,Research & Development,Healthcare Representative,2,4777,11,1,15,Yes
1034,55,Male,Married,Research & Development,Healthcare Representative,2,6385,18,8,17,No
1035,41,Female,Divorced,Research & Development,Research Director,5,19973,7,21,21,No
1036,38,Male,Single,Sales,Sales Executive,2,6861,3,1,19,No
1037,26,Male,Single,Sales,Sales Executive,2,4969,29,2,7,Yes
1038,52,Female,Married,Sales,Manager,5,19845,2,32,33,Yes
1039,44,Female,Married,Sales,Sales Executive,4,13320,28,12,23,No
1040,50,Female,Married,Sales,Sales Executive,2,6347,1,18,19,No
1042,36,Female,Single,Research & Development,Laboratory Technician,1,2743,16,17,18,Yes
1043,39,Female,Single,Research & Development,Manufacturing Director,3,10880,22,21,21,No
1044,33,Female,Single,Sales,Sales Representative,1,2342,8,2,3,No
1045,45,Female,Married,Sales,Manager,4,17650,11,9,26,No
1046,32,Female,Single,Research & Development,Laboratory Technician,1,4025,29,8,10,No
1047,34,Male,Divorced,Sales,Sales Executive,2,9725,1,15,16,No
1048,59,Male,Married,Sales,Manager,3,11904,1,6,14,No
1049,45,Male,Single,Human Resources,Human Resources,1,2177,24,6,6,No
1050,53,Female,Married,Sales,Sales Executive,3,7525,2,15,30,No
1052,36,Male,Divorced,Research & Development,Laboratory Technician,2,4834,15,1,9,Yes
1053,26,Male,Married,Research & Development,Research Scientist,1,2042,2,3,6,Yes
1055,34,Female,Married,Sales,Sales Representative,1,2220,10,1,1,No
1056,28,Male,Married,Sales,Sales Representative,1,1052,10,1,1,No
1060,38,Male,Married,Research & Development,Research Scientist,1,2821,3,2,8,No
1061,50,Male,Married,Research & Development,Research Director,5,19237,2,8,29,No
1062,37,Female,Single,Research & Development,Healthcare Representative,2,4107,3,4,8,No
1066,40,Male,Married,Sales,Sales Executive,2,8396,26,7,8,No
1068,26,Female,Divorced,Research & Development,Research Scientist,1,2007,1,5,5,No
1069,46,Male,Divorced,Research & Development,Research Director,5,19627,1,2,23,No
1070,54,Female,Married,Sales,Sales Executive,3,10686,2,9,13,No
1071,56,Female,Married,Research & Development,Research Scientist,1,2942,9,5,18,No
1073,36,Female,Single,Research & Development,Manufacturing Director,3,8858,12,14,15,No
1074,55,Male,Single,Research & Development,Manager,4,16756,2,9,31,No
1076,43,Male,Divorced,Sales,Sales Executive,3,10798,25,1,18,No
1077,20,Female,Single,Sales,Sales Representative,1,2323,9,2,2,Yes
1079,21,Female,Single,Research & Development,Laboratory Technician,1,1416,10,1,1,Yes
1080,46,Female,Divorced,Research & Development,Research Scientist,2,4615,8,16,19,No
1081,51,Male,Married,Research & Development,Research Scientist,1,2461,4,10,18,Yes
1082,28,Male,Single,Research & Development,Healthcare Representative,3,8722,24,10,10,Yes
1083,26,Male,Married,Research & Development,Laboratory Technician,1,3955,1,5,6,No
1084,30,Male,Married,Research & Development,Manufacturing Director,2,9957,20,6,7,No
1085,41,Female,Married,Research & Development,Research Scientist,1,3376,7,10,10,No
1088,38,Female,Married,Research & Development,Healthcare Representative,3,8823,17,19,20,No
1092,40,Male,Married,Research & Development,Healthcare Representative,3,10322,20,11,14,No
1094,27,Male,Married,Research & Development,Laboratory Technician,1,4621,8,3,3,No
1096,55,Male,Married,Research & Development,Manufacturing Director,3,10976,2,3,23,No
1097,28,Female,Single,Research & Development,Research Scientist,2,3660,10,8,10,No
1098,44,Male,Married,Human Resources,Human Resources,3,10482,1,20,24,Yes
1099,33,Male,Divorced,Research & Development,Healthcare Representative,3,7119,5,3,9,No
1100,35,Male,Single,Sales,Sales Executive,3,9582,4,8,9,Yes
1101,33,Female,Single,Research & Development,Research Scientist,2,4508,29,13,14,Yes
1102,28,Male,Divorced,Research & Development,Laboratory Technician,1,2207,15,4,4,No
1103,34,Male,Single,Research & Development,Healthcare Representative,2,7756,3,6,7,No
1105,37,Female,Divorced,Sales,Sales Executive,2,6694,10,1,8,No
1106,25,Male,Married,Research & Development,Laboratory Technician,1,3691,4,7,7,Yes
1107,26,Male,Divorced,Research & Development,Laboratory Technician,1,2377,21,1,1,Yes
1108,33,Male,Single,Research & Development,Research Scientist,1,2313,25,2,5,Yes
1109,42,Male,Married,Research & Development,Manager,4,17665,2,22,23,No
1111,28,Male,Divorced,Research & Development,Laboratory Technician,1,2596,1,1,1,Yes
1113,50,Male,Single,Sales,Sales Executive,2,4728,1,0,5,Yes
1114,33,Female,Married,Sales,Sales Executive,2,4302,7,3,4,No
1115,34,Male,Married,Research & Development,Research Scientist,1,2979,3,0,6,No
1116,48,Male,Single,Research & Development,Manager,4,16885,1,5,27,No
1117,45,Female,Married,Sales,Sales Executive,2,5593,9,15,15,No
1118,52,Male,Single,Research & Development,Healthcare Representative,3,10445,7,8,18,No
1119,38,Male,Divorced,Sales,Sales Executive,3,8740,10,8,9,No
1120,29,Female,Divorced,Research & Development,Research Scientist,1,2514,28,7,11,No
1121,28,Female,Divorced,Research & Development,Manufacturing Director,3,7655,3,9,10,No
1124,46,Male,Married,Sales,Manager,4,17465,3,12,23,No
1125,38,Male,Single,Sales,Sales Executive,3,7351,2,1,10,No
1126,43,Female,Married,Research & Development,Manufacturing Director,3,10820,27,8,18,No
1127,39,Male,Divorced,Research & Development,Healthcare Representative,4,12169,2,18,21,Yes
1128,40,Male,Single,Research & Development,Research Director,5,19626,14,20,21,No
1131,21,Female,Single,Research & Development,Research Scientist,1,2070,1,2,2,No
1132,39,Male,Single,Research & Development,Laboratory Technician,2,6782,9,5,9,No
1133,36,Male,Single,Research & Development,Manufacturing Director,2,7779,18,11,18,No
1135,31,Male,Married,Sales,Sales Representative,1,2791,20,2,3,No
1136,28,Male,Married,Research & Development,Research Scientist,1,3201,2,5,6,No
1137,35,Male,Divorced,Sales,Sales Executive,2,4968,11,5,5,No
1138,49,Male,Married,Sales,Sales Executive,4,13120,8,9,22,No
1140,34,Male,Single,Research & Development,Manufacturing Director,2,4033,2,3,5,No
1143,29,Female,Divorced,Research & Development,Research Scientist,1,3291,10,7,8,No
1148,42,Male,Single,Research & Development,Laboratory Technician,2,4272,29,1,16,No
1150,29,Male,Married,Research & Development,Manufacturing Director,2,5056,8,10,10,No
1152,38,Male,Married,Human Resources,Human Resources,1,2844,1,7,7,No
1154,28,Male,Divorced,Research & Development,Research Scientist,1,2703,6,3,3,No
1156,18,Male,Single,Research & Development,Laboratory Technician,1,1904,8,0,0,Yes
1157,33,Female,Single,Sales,Sales Executive,2,8224,9,5,6,Yes
1158,41,Male,Married,Research & Development,Laboratory Technician,1,4766,12,1,6,No
1160,31,Male,Married,Research & Development,Laboratory Technician,1,2610,15,2,2,Yes
1161,37,Female,Divorced,Research & Development,Healthcare Representative,2,5731,25,6,9,No
1162,27,Male,Married,Research & Development,Research Scientist,1,2539,6,4,4,No
1163,34,Female,Married,Sales,Sales Executive,2,5714,9,6,6,No
1164,35,Male,Single,Human Resources,Human Resources,1,4323,8,5,6,No
1165,29,Female,Married,Sales,Sales Executive,3,7336,23,11,11,Yes
1166,40,Female,Single,Research & Development,Research Director,3,13499,9,18,20,No
1167,42,Male,Single,Sales,Sales Executive,4,13758,12,21,22,Yes
1171,42,Male,Single,Sales,Sales Executive,2,5155,4,6,9,No
1172,35,Male,Married,Research & Development,Laboratory Technician,1,2258,1,8,10,No
1173,24,Male,Single,Research & Development,Laboratory Technician,1,3597,24,4,6,No
1175,28,Female,Married,Research & Development,Laboratory Technician,1,2515,12,1,1,Yes
1177,26,Male,Married,Research & Development,Laboratory Technician,1,4420,3,8,8,No
1179,30,Male,Married,Sales,Sales Executive,2,6578,10,10,10,No
1180,40,Female,Married,Research & Development,Research Scientist,2,4422,26,1,16,No
1182,35,Male,Divorced,Research & Development,Manufacturing Director,3,10274,2,7,15,No
1184,34,Male,Single,Research & Development,Healthcare Representative,2,5343,1,13,14,No
1185,35,Male,Married,Research & Development,Laboratory Technician,1,2376,4,2,2,No
1188,43,Female,Single,Sales,Sales Executive,2,5346,9,4,7,Yes
1190,32,Female,Divorced,Sales,Sales Representative,1,2827,2,1,1,No
1191,56,Female,Divorced,Research & Development,Manager,5,19943,4,5,28,No
1192,29,Female,Married,Research & Development,Laboratory Technician,1,3131,6,10,10,No
1193,19,Male,Single,Research & Development,Research Scientist,1,2552,9,1,1,No
1195,45,Female,Married,Research & Development,Research Scientist,1,4477,7,3,7,No
1196,37,Female,Married,Research & Development,Manufacturing Director,2,6474,1,14,14,No
1198,20,Male,Single,Research & Development,Laboratory Technician,1,3033,3,2,2,No
1200,44,Male,Single,Research & Development,Research Scientist,1,2936,10,6,6,Yes
1201,53,Female,Divorced,Research & Development,Manager,5,18606,7,7,26,No
1202,29,Female,Married,Research & Development,Research Scientist,1,2168,15,5,6,No
1203,22,Male,Married,Research & Development,Research Scientist,1,2853,3,0,1,Yes
1204,46,Female,Married,Sales,Manager,4,17048,2,26,28,No
1206,44,Male,Single,Research & Development,Research Scientist,1,2290,17,0,6,No
1207,33,Male,Married,Human Resources,Human Resources,1,3600,2,5,5,No
1210,41,Male,Divorced,Research & Development,Research Scientist,1,2107,5,1,5,Yes
1211,30,Male,Divorced,Sales,Sales Executive,2,4115,29,4,8,No
1212,40,Male,Married,Sales,Sales Executive,2,4327,2,0,5,No
1215,50,Female,Married,Research & Development,Manager,4,17856,2,2,32,No
1216,28,Male,Married,Research & Development,Laboratory Technician,1,3196,19,6,6,No
1217,46,Male,Married,Research & Development,Research Director,5,19081,15,4,25,No
1218,35,Male,Married,Sales,Sales Executive,2,8966,17,7,15,No
1219,24,Female,Married,Research & Development,Laboratory Technician,1,2210,17,1,1,Yes
1220,33,Female,Married,Sales,Sales Executive,2,4539,25,10,10,No
1221,36,Male,Divorced,Research & Development,Laboratory Technician,1,2741,6,7,7,No
1224,30,Male,Divorced,Research & Development,Laboratory Technician,2,3491,7,10,10,No
1225,44,Male,Single,Research & Development,Research Scientist,2,4541,29,20,20,No
1226,20,Male,Single,Sales,Sales Representative,1,2678,21,2,2,No
1228,46,Male,Divorced,Research & Development,Manufacturing Director,2,7379,2,6,12,No
1231,42,Male,Married,Human Resources,Human Resources,2,6272,2,4,10,No
1233,60,Male,Divorced,Sales,Sales Executive,2,5220,7,11,12,No
1234,32,Female,Married,Research & Development,Laboratory Technician,1,2743,13,2,2,No
1235,32,Female,Single,Research & Development,Research Scientist,2,4998,2,8,10,No
1237,36,Female,Divorced,Research & Development,Manufacturing Director,3,10252,1,7,17,No
1238,33,Male,Married,Research & Development,Research Scientist,1,2781,9,14,15,No
1239,40,Female,Divorced,Sales,Sales Executive,2,6852,10,5,7,No
1240,25,Male,Single,Sales,Sales Executive,2,4950,10,4,5,No
1241,30,Male,Married,Research & Development,Research Scientist,1,3579,1,11,12,No
1242,42,Female,Married,Research & Development,Research Director,3,13191,26,1,20,No
1243,35,Female,Married,Sales,Sales Executive,3,10377,8,13,16,No
1244,27,Male,Married,Research & Development,Research Scientist,1,2235,14,9,9,No
1245,54,Female,Divorced,Research & Development,Manufacturing Director,3,10502,1,5,33,No
1246,44,Female,Married,Research & Development,Research Scientist,1,2011,2,10,10,No
1248,19,Female,Single,Research & Development,Research Scientist,1,1859,10,1,1,Yes
1249,29,Female,Divorced,Research & Development,Research Scientist,1,3760,1,3,3,No
1250,54,Male,Married,Research & Development,Research Director,4,17779,3,10,36,No
1251,31,Male,Married,Research & Development,Healthcare Representative,2,6833,11,6,6,No
1252,31,Female,Single,Research & Development,Healthcare Representative,2,6812,24,10,10,No
1254,59,Female,Single,Sales,Sales Executive,2,5171,3,6,13,No
1255,43,Male,Married,Research & Development,Research Director,5,19740,3,8,25,No
1256,49,Male,Married,Research & Development,Manager,5,18711,4,1,23,No
1257,36,Male,Married,Research & Development,Research Scientist,1,3692,3,11,12,No
1258,48,Male,Single,Research & Development,Laboratory Technician,1,2559,2,1,7,No
1259,27,Male,Divorced,Research & Development,Research Scientist,1,2517,4,5,5,No
1260,29,Male,Divorced,Research & Development,Healthcare Representative,2,6623,7,6,6,No
1263,48,Male,Single,Research & Development,Research Director,5,18265,1,1,25,No
1264,29,Female,Divorced,Research & Development,Research Director,4,16124,1,7,9,No
1265,34,Female,Married,Research & Development,Research Scientist,1,2585,20,1,2,No
1267,44,Male,Married,Sales,Manager,5,18213,5,22,26,No
1268,33,Male,Divorced,Sales,Sales Executive,3,8380,10,9,10,No
1269,19,Female,Single,Research & Development,Research Scientist,1,2994,25,1,1,No
1270,23,Male,Married,Research & Development,Research Scientist,1,1223,1,1,1,No
1273,25,Male,Single,Sales,Sales Representative,1,1118,24,1,1,Yes
1275,26,Male,Single,Research & Development,Research Scientist,1,2875,4,8,8,No
1277,45,Female,Single,Sales,Manager,5,18824,2,24,26,Yes
1278,55,Male,Divorced,Research & Development,Healthcare Representative,4,13577,8,33,34,No
1279,21,Female,Single,Research & Development,Laboratory Technician,1,2625,10,2,2,Yes
1280,46,Female,Married,Sales,Manager,5,18789,4,11,26,No
1281,34,Female,Single,Sales,Sales Executive,2,4538,2,3,4,No
1282,51,Male,Divorced,Sales,Manager,5,19847,9,29,31,No
1283,59,Male,Single,Research & Development,Manufacturing Director,3,10512,18,9,25,No
1285,34,Female,Divorced,Research & Development,Laboratory Technician,2,4444,19,11,15,No
1286,28,Male,Single,Research & Development,Laboratory Technician,1,2154,1,4,5,No
1288,44,Male,Divorced,Research & Development,Manager,5,19190,4,25,26,No
1289,34,Male,Married,Human Resources,Human Resources,2,4490,11,10,14,No
1291,35,Male,Married,Research & Development,Research Scientist,1,3506,6,3,4,No
1292,42,Female,Married,Research & Development,Research Scientist,2,2372,7,1,18,No
1293,43,Female,Single,Sales,Sales Executive,3,10231,4,21,23,No
1294,36,Female,Single,Research & Development,Manufacturing Director,2,5410,2,16,18,No
1295,44,Female,Married,Research & Development,Healthcare Representative,3,7978,15,10,10,Yes
1296,28,Male,Married,Research & Development,Laboratory Technician,1,3867,2,2,2,No
1297,51,Female,Single,Research & Development,Laboratory Technician,1,2838,6,7,8,No
1298,30,Female,Single,Research & Development,Manufacturing Director,2,4695,9,8,10,No
1299,29,Female,Divorced,Research & Development,Laboratory Technician,1,3339,7,7,10,Yes
1301,28,Male,Single,Research & Development,Research Scientist,1,2080,1,3,5,No
1303,25,Female,Single,Research & Development,Research Scientist,1,2096,1,2,2,No
1304,32,Male,Married,Sales,Sales Executive,2,6209,8,10,10,No
1306,45,Female,Single,Research & Development,Manager,5,18061,25,0,22,No
1307,39,Female,Divorced,Research & Development,Manager,4,17123,13,19,21,No
1308,58,Male,Divorced,Research & Development,Research Scientist,1,2372,23,2,2,No
1309,32,Male,Married,Research & Development,Laboratory Technician,2,4883,7,10,10,Yes
1310,39,Male,Single,Research & Development,Research Scientist,1,3904,23,5,6,Yes
1311,30,Female,Married,Research & Development,Laboratory Technician,2,4627,6,9,10,No
1312,36,Female,Married,Research & Development,Healthcare Representative,3,7094,10,7,10,No
1314,46,Female,Single,Human Resources,Human Resources,1,3423,1,7,10,No
1315,28,Female,Married,Research & Development,Laboratory Technician,2,6674,1,9,10,No
1317,50,Female,Married,Research & Development,Research Director,4,16880,28,3,25,No
1318,40,Male,Single,Sales,Sales Executive,3,9094,25,5,9,Yes
1319,52,Male,Single,Sales,Sales Executive,3,8446,5,8,10,Yes
1321,30,Female,Married,Research & Development,Manager,3,11916,17,9,9,No
1322,39,Male,Single,Research & Development,Manufacturing Director,2,4534,18,8,9,No
1324,31,Female,Divorced,Sales,Sales Executive,3,9852,2,10,10,No
1329,41,Male,Single,Sales,Sales Executive,2,6151,10,19,19,No
1331,31,Female,Single,Sales,Sales Representative,1,2302,1,3,3,Yes
1333,44,Male,Married,Research & Development,Laboratory Technician,1,2362,3,3,10,Yes
1334,42,Male,Married,Research & Development,Manager,4,17861,2,20,21,No
1336,55,Female,Married,Research & Development,Manager,5,19187,2,19,23,No
1338,56,Male,Single,Human Resources,Manager,5,19717,8,7,36,No
1340,40,Male,Divorced,Research & Development,Research Scientist,1,3544,16,4,6,No
1344,34,Male,Divorced,Research & Development,Healthcare Representative,3,8500,9,9,10,No
1346,40,Male,Single,Research & Development,Research Scientist,2,4661,2,9,9,No
1349,41,Female,Divorced,Sales,Sales Executive,2,4103,1,9,10,No
1350,35,Male,Single,Research & Development,Research Scientist,2,4249,4,9,9,No
1352,51,Male,Divorced,Human Resources,Manager,4,14026,5,33,33,No
1355,38,Female,Divorced,Sales,Sales Executive,2,6893,2,7,11,No
1356,34,Female,Single,Sales,Sales Executive,2,6125,15,10,10,No
1358,25,Male,Married,Research & Development,Laboratory Technician,1,3669,19,3,7,No
1360,58,Female,Married,Research & Development,Manufacturing Director,3,10008,7,10,31,Yes
1361,40,Male,Married,Research & Development,Laboratory Technician,1,2387,1,4,7,No
1362,36,Female,Married,Sales,Sales Executive,2,4639,7,15,17,No
1363,48,Male,Single,Research & Development,Manufacturing Director,3,7898,4,10,11,No
1364,27,Female,Married,Sales,Sales Representative,1,2534,11,1,5,No
1367,51,Female,Single,Research & Development,Manufacturing Director,4,13142,11,5,29,No
1368,18,Female,Single,Research & Development,Laboratory Technician,1,1611,1,0,0,No
1369,35,Female,Married,Research & Development,Laboratory Technician,2,5363,1,9,10,No
1371,27,Male,Single,Sales,Sales Executive,2,5071,2,6,8,No
1372,55,Male,Single,Sales,Sales Executive,4,13695,13,19,24,Yes
1373,56,Male,Married,Research & Development,Manufacturing Director,4,13402,23,19,33,No
1374,34,Female,Divorced,Research & Development,Research Scientist,1,2029,26,5,5,No
1375,40,Female,Divorced,Research & Development,Healthcare Representative,2,6377,2,12,15,No
1377,34,Male,Married,Research & Development,Laboratory Technician,2,5429,29,8,10,No
1379,31,Female,Single,Sales,Sales Representative,1,2785,2,1,3,Yes
1380,35,Female,Married,Sales,Sales Executive,2,4614,18,4,5,Yes
1382,38,Male,Divorced,Research & Development,Research Scientist,1,2610,7,4,4,No
1383,34,Female,Single,Research & Development,Healthcare Representative,2,6687,2,14,14,No
1387,28,Male,Married,Sales,Sales Executive,2,4724,26,5,5,No
1389,31,Male,Married,Research & Development,Manufacturing Director,2,6179,22,10,10,Yes
1390,39,Male,Married,Sales,Sales Executive,2,6120,21,5,8,No
1391,51,Male,Married,Sales,Sales Executive,3,10596,2,4,14,No
1392,41,Female,Divorced,Research & Development,Research Scientist,2,5467,22,6,12,No
1394,37,Male,Married,Research & Development,Research Scientist,1,2996,4,6,8,No
1395,33,Male,Married,Sales,Sales Executive,2,9998,5,5,8,No
1396,32,Male,Married,Sales,Sales Executive,2,4078,2,3,4,No
1397,39,Male,Married,Research & Development,Healthcare Representative,3,10920,25,6,13,No
1399,25,Male,Married,Sales,Sales Executive,2,6232,18,3,6,No
1401,52,Female,Married,Research & Development,Manufacturing Director,4,13247,28,5,24,No
1402,43,Female,Single,Research & Development,Research Scientist,2,4081,6,20,20,No
1403,27,Female,Married,Sales,Sales Executive,2,5769,10,6,6,No
1405,27,Female,Single,Research & Development,Research Scientist,1,2394,17,8,8,Yes
1407,26,Male,Single,Research & Development,Research Scientist,1,3904,2,4,5,No
1408,42,Female,Married,Human Resources,Manager,4,16799,10,20,21,No
1409,52,Female,Married,Research & Development,Laboratory Technician,1,2950,8,5,12,No
1411,37,Female,Single,Research & Development,Laboratory Technician,1,3629,11,3,8,No
1412,35,Male,Single,Research & Development,Manufacturing Director,3,9362,18,2,10,No
1415,25,Male,Married,Research & Development,Laboratory Technician,1,3229,1,3,7,No
1417,26,Male,Single,Research & Development,Laboratory Technician,1,3578,7,7,8,No
1419,29,Male,Single,Human Resources,Human Resources,3,7988,17,10,10,No
1420,49,Male,Single,Research & Development,Laboratory Technician,2,4284,28,4,20,Yes
1421,29,Female,Single,Research & Development,Healthcare Representative,3,7553,14,8,9,Yes
1422,54,Female,Single,Research & Development,Research Director,4,17328,1,20,29,No
1423,58,Female,Married,Research & Development,Research Director,5,19701,1,9,32,No
1424,55,Male,Divorced,Research & Development,Research Director,4,14732,1,7,31,No
1425,36,Female,Single,Sales,Sales Executive,2,9278,3,5,15,No
1427,31,Female,Single,Sales,Sales Representative,1,1359,1,1,1,Yes
1428,30,Female,Divorced,Sales,Sales Executive,2,4779,7,3,8,No
1430,31,Female,Single,Research & Development,Research Director,4,16422,8,3,9,No
1431,34,Male,Divorced,Research & Development,Research Scientist,1,2996,1,4,10,No
1433,31,Female,Single,Research & Development,Research Scientist,1,1261,8,1,1,Yes
1434,27,Male,Married,Research & Development,Laboratory Technician,1,2099,11,5,6,No
1435,36,Male,Single,Research & Development,Laboratory Technician,2,5810,4,10,10,No
1436,36,Female,Married,Sales,Sales Executive,2,5647,16,3,11,No
1438,47,Male,Married,Research & Development,Research Scientist,1,3420,1,6,17,No
1439,25,Male,Married,Sales,Sales Representative,1,4400,9,3,6,Yes
1440,37,Male,Single,Research & Development,Laboratory Technician,1,3500,5,6,7,No
1441,56,Female,Married,Research & Development,Research Scientist,1,2066,1,3,5,No
1443,47,Female,Married,Research & Development,Research Director,4,17169,2,20,26,No
1445,24,Female,Married,Sales,Sales Executive,2,4162,4,5,5,No
1446,32,Male,Married,Sales,Sales Executive,2,9204,7,4,7,No
1447,34,Female,Married,Research & Development,Laboratory Technician,1,3294,1,5,7,No
1448,41,Male,Married,Research & Development,Research Scientist,1,2127,5,4,7,No
1449,40,Male,Divorced,Research & Development,Laboratory Technician,2,3975,9,8,11,No
1453,31,Male,Divorced,Sales,Sales Executive,3,10793,8,13,13,No
1457,46,Male,Divorced,Sales,Sales Executive,3,10096,9,7,28,Yes
1458,39,Female,Single,Research & Development,Laboratory Technician,1,3646,2,1,11,Yes
1459,31,Female,Single,Research & Development,Manufacturing Director,3,7446,1,10,10,Yes
1460,45,Male,Divorced,Research & Development,Healthcare Representative,3,10851,20,7,24,No
1461,31,Female,Single,Human Resources,Human Resources,1,2109,8,3,8,No
1464,31,Male,Married,Research & Development,Laboratory Technician,1,3722,2,2,7,Yes
1465,45,Male,Married,Research & Development,Manufacturing Director,3,9380,29,3,10,No
1466,48,Male,Divorced,Sales,Sales Executive,2,5486,7,2,15,No
1467,34,Female,Married,Human Resources,Human Resources,1,2742,9,2,2,Yes
1468,40,Male,Divorced,Research & Development,Research Director,3,13757,8,9,16,No
1469,28,Male,Single,Sales,Sales Executive,2,8463,5,5,6,No
1471,44,Male,Single,Research & Development,Laboratory Technician,1,3162,5,5,7,No
1472,53,Male,Single,Research & Development,Research Director,4,16598,2,9,35,No
1473,49,Male,Married,Research & Development,Healthcare Representative,2,6651,5,3,20,No
1474,40,Male,Divorced,Research & Development,Research Scientist,1,2345,2,3,8,No
1475,44,Male,Single,Research & Development,Research Scientist,1,3420,20,5,6,No
1477,33,Male,Married,Sales,Sales Executive,2,4373,7,4,5,No
1478,34,Male,Single,Sales,Sales Executive,2,4759,3,13,15,No
1479,30,Male,Married,Sales,Sales Executive,2,5301,16,2,4,No
1480,42,Female,Single,Research & Development,Laboratory Technician,1,3673,9,12,12,No
1481,44,Female,Married,Sales,Sales Executive,2,4768,1,1,11,No
1482,30,Male,Divorced,Research & Development,Research Scientist,1,1274,7,1,1,No
1483,57,Male,Married,Research & Development,Research Scientist,2,4900,1,12,13,No
1484,49,Male,Divorced,Research & Development,Healthcare Representative,3,10466,7,8,29,No
1485,34,Male,Divorced,Research & Development,Research Director,4,17007,15,14,16,No
1486,28,Male,Married,Sales,Sales Representative,1,2909,1,3,5,Yes
1487,29,Female,Single,Sales,Sales Executive,2,5765,13,5,7,Yes
1489,34,Female,Single,Sales,Sales Executive,2,4599,24,15,16,Yes
1492,35,Male,Married,Sales,Sales Representative,1,2404,7,1,1,No
1494,24,Male,Single,Research & Development,Laboratory Technician,1,3172,9,0,4,Yes
1495,24,Female,Married,Sales,Sales Representative,1,2033,13,1,1,No
1496,44,Male,Single,Research & Development,Manufacturing Director,3,10209,2,2,16,No
1497,29,Male,Divorced,Sales,Sales Executive,2,8620,19,10,10,No
1499,30,Male,Divorced,Human Resources,Human Resources,1,2064,1,5,6,No
1501,55,Male,Married,Research & Development,Healthcare Representative,2,4035,4,3,4,No
1502,33,Female,Married,Research & Development,Laboratory Technician,1,3838,4,5,8,No
1503,47,Female,Married,Sales,Sales Executive,2,4591,14,5,11,No
1504,28,Male,Single,Research & Development,Laboratory Technician,1,2561,2,0,8,Yes
1506,28,Male,Divorced,Research & Development,Research Scientist,1,1563,1,1,1,No
1507,28,Male,Single,Sales,Sales Executive,2,4898,7,4,5,No
1509,49,Female,Married,Research & Development,Laboratory Technician,2,4789,3,3,10,No
1513,29,Female,Married,Research & Development,Laboratory Technician,1,3180,2,3,4,No
1514,28,Male,Married,Research & Development,Manufacturing Director,2,6549,29,8,8,No
1515,33,Male,Single,Research & Development,Healthcare Representative,2,6388,8,0,14,No
1516,32,Male,Single,Research & Development,Manager,3,11244,10,5,10,No
1520,54,Female,Divorced,Research & Development,Manager,4,16032,11,14,26,No
1522,29,Male,Single,Research & Development,Research Scientist,1,2362,1,9,11,Yes
1523,44,Male,Married,Research & Development,Research Director,4,16328,28,20,24,No
1525,39,Female,Single,Research & Development,Manufacturing Director,3,8376,6,2,9,No
1527,46,Female,Married,Sales,Manager,4,16606,3,13,23,No
1529,35,Female,Single,Research & Development,Healthcare Representative,3,8606,16,11,11,No
1533,23,Male,Single,Research & Development,Laboratory Technician,2,2272,20,4,5,No
1534,40,Male,Single,Research & Development,Laboratory Technician,1,2018,9,5,15,Yes
1535,34,Male,Married,Sales,Sales Executive,3,7083,1,10,10,No
1537,31,Female,Single,Research & Development,Research Scientist,1,4084,3,7,7,Yes
1539,50,Male,Single,Research & Development,Research Director,4,14411,22,32,32,No
1541,34,Male,Married,Sales,Sales Representative,1,2308,7,11,12,No
1542,42,Male,Married,Research & Development,Laboratory Technician,1,4841,2,1,4,No
1543,37,Male,Married,Research & Development,Research Scientist,2,4285,13,10,10,No
1544,29,Female,Married,Research & Development,Healthcare Representative,2,9715,8,7,9,No
1545,33,Male,Single,Research & Development,Manufacturing Director,2,4320,25,5,5,No
1546,45,Male,Married,Research & Development,Research Scientist,1,2132,28,5,8,No
1547,42,Male,Married,Research & Development,Healthcare Representative,3,10124,2,20,24,No
1548,40,Male,Married,Sales,Sales Executive,2,5473,9,8,9,No
1549,33,Male,Married,Research & Development,Laboratory Technician,2,5207,28,15,15,No
1550,40,Male,Single,Human Resources,Manager,4,16437,6,21,21,No
1551,24,Male,Divorced,Research & Development,Laboratory Technician,1,2296,21,1,2,No
1552,40,Male,Divorced,Research & Development,Healthcare Representative,2,4069,8,2,8,No
1553,45,Male,Divorced,Research & Development,Healthcare Representative,3,7441,1,10,10,No
1554,35,Female,Married,Sales,Sales Representative,1,2430,28,5,6,No
1555,32,Female,Married,Research & Development,Research Scientist,2,5878,5,7,12,No
1556,36,Male,Single,Sales,Sales Representative,1,2644,2,3,7,No
1557,48,Female,Divorced,Sales,Sales Executive,2,6439,16,8,18,No
1558,29,Male,Married,Research & Development,Research Scientist,1,2451,9,1,5,No
1560,33,Male,Married,Sales,Sales Executive,2,6392,8,2,8,No
1562,30,Male,Married,Sales,Sales Executive,2,9714,1,10,10,Yes
1563,38,Male,Married,Human Resources,Human Resources,2,6077,10,6,10,No
1564,35,Male,Single,Research & Development,Laboratory Technician,1,2450,1,3,3,No
1568,30,Male,Married,Sales,Sales Executive,3,9250,29,4,9,No
1569,35,Female,Divorced,Research & Development,Laboratory Technician,1,2074,2,1,1,Yes
1572,53,Female,Married,Research & Development,Manufacturing Director,3,10169,2,33,34,Yes
1573,38,Male,Married,Research & Development,Manufacturing Director,2,4855,2,5,7,Yes
1574,32,Male,Married,Research & Development,Research Scientist,2,4087,1,6,9,No
1576,48,Female,Married,Research & Development,Research Scientist,1,2367,15,8,10,No
1577,34,Male,Single,Research & Development,Research Scientist,1,2972,7,1,1,No
1578,55,Male,Married,Sales,Manager,5,19586,26,36,36,No
1580,34,Male,Married,Research & Development,Research Scientist,2,5484,1,2,9,No
1581,26,Female,Married,Research & Development,Research Scientist,1,2061,3,1,1,No
1582,38,Male,Married,Sales,Sales Executive,2,9924,14,9,10,No
1583,38,Female,Single,Sales,Sales Executive,2,4198,16,3,8,No
1585,36,Female,Single,Sales,Sales Executive,2,6815,1,1,15,No
1586,29,Male,Single,Research & Development,Laboratory Technician,1,4723,3,10,10,No
1587,35,Female,Single,Research & Development,Healthcare Representative,2,6142,10,5,10,No
1588,39,Male,Married,Sales,Sales Executive,3,8237,6,7,11,No
1590,29,Male,Divorced,Research & Development,Healthcare Representative,2,8853,2,6,6,No
1591,50,Male,Married,Sales,Manager,5,19331,9,1,27,No
1592,23,Male,Married,Research & Development,Research Scientist,1,2073,10,2,4,No
1594,36,Male,Married,Research & Development,Laboratory Technician,2,5562,6,3,9,No
1595,42,Male,Single,Research & Development,Manager,5,19613,9,1,24,No
1596,35,Male,Married,Research & Development,Laboratory Technician,2,3407,28,10,10,No
1597,34,Male,Married,Research & Development,Healthcare Representative,2,5063,10,8,8,No
1598,40,Female,Married,Sales,Sales Executive,2,4639,14,5,5,No
1599,43,Male,Divorced,Research & Development,Laboratory Technician,1,4876,27,6,8,No
1601,35,Male,Married,Research & Development,Laboratory Technician,1,2690,7,1,1,No
1602,46,Male,Single,Sales,Manager,4,17567,1,26,27,No
1604,28,Male,Married,Research & Development,Laboratory Technician,1,2408,24,1,1,Yes
1605,22,Female,Married,Research & Development,Research Scientist,1,2814,26,4,4,No
1606,50,Male,Married,Research & Development,Healthcare Representative,4,11245,20,30,32,No
1607,32,Female,Married,Research & Development,Research Scientist,1,3312,5,3,6,No
1608,44,Female,Divorced,Research & Development,Research Director,5,19049,7,22,23,No
1609,30,Male,Married,Research & Development,Research Scientist,1,2141,7,6,6,No
1611,45,Female,Single,Research & Development,Laboratory Technician,2,5769,5,10,10,No
1612,45,Male,Married,Sales,Sales Executive,2,4385,26,10,10,No
1613,31,Male,Single,Sales,Sales Executive,2,5332,2,5,10,No
1614,36,Female,Married,Research & Development,Manufacturing Director,2,4663,12,3,7,No
1615,34,Male,Divorced,Research & Development,Manufacturing Director,2,4724,10,9,9,No
1617,49,Female,Married,Research & Development,Laboratory Technician,1,3211,25,9,10,No
1618,39,Male,Married,Research & Development,Manufacturing Director,2,5377,10,7,10,No
1619,27,Male,Divorced,Research & Development,Laboratory Technician,1,4066,19,7,7,No
1621,35,Male,Married,Research & Development,Research Scientist,2,5208,18,16,16,No
1622,28,Female,Divorced,Research & Development,Manufacturing Director,2,4877,27,5,6,No
1623,21,Male,Single,Research & Development,Research Scientist,1,3117,5,2,3,No
1624,18,Female,Single,Sales,Sales Representative,1,1569,3,0,0,Yes
1625,47,Female,Married,Human Resources,Manager,5,19658,26,5,27,No
1627,39,Male,Divorced,Research & Development,Laboratory Technician,2,3069,3,10,11,No
1628,40,Female,Married,Research & Development,Manufacturing Director,3,10435,15,18,18,No
1630,35,Female,Married,Research & Development,Healthcare Representative,2,4148,8,14,15,No
1631,37,Male,Married,Research & Development,Manufacturing Director,2,5768,19,4,9,No
1633,39,Female,Single,Research & Development,Manufacturing Director,2,5042,4,9,10,No
1635,45,Female,Divorced,Research & Development,Manufacturing Director,2,5770,2,10,10,No
1638,38,Female,Married,Research & Development,Manufacturing Director,3,7756,2,5,10,No
1639,35,Male,Married,Sales,Sales Executive,3,10306,10,13,15,Yes
1640,37,Female,Married,Research & Development,Research Scientist,1,3936,10,8,8,No
1641,40,Female,Single,Research & Development,Manufacturing Director,3,7945,16,4,18,No
1642,44,Male,Married,Human Resources,Human Resources,2,5743,1,10,14,No
1644,48,Male,Married,Research & Development,Manager,4,15202,4,2,23,No
1645,35,Male,Divorced,Sales,Sales Executive,2,5440,15,2,7,Yes
1646,24,Female,Single,Research & Development,Research Scientist,1,3760,2,6,6,No
1647,27,Female,Married,Research & Development,Research Scientist,1,3517,8,3,5,No
1648,27,Male,Single,Research & Development,Research Scientist,1,2580,2,4,6,No
1649,40,Male,Single,Research & Development,Laboratory Technician,1,2166,7,4,10,Yes
1650,29,Male,Single,Sales,Sales Executive,2,5869,10,5,8,No
1651,36,Female,Married,Research & Development,Healthcare Representative,3,8008,5,3,9,No
1653,25,Male,Divorced,Research & Development,Manufacturing Director,2,5206,2,7,7,No
1654,39,Male,Married,Research & Development,Manufacturing Director,2,5295,12,5,7,No
1655,49,Female,Married,Research & Development,Research Director,4,16413,22,4,27,No
1656,50,Female,Divorced,Research & Development,Research Director,3,13269,17,14,19,No
1657,20,Female,Single,Sales,Sales Representative,1,2783,2,2,2,No
1658,34,Female,Divorced,Research & Development,Research Scientist,2,5433,3,11,11,No
1659,36,Male,Single,Research & Development,Laboratory Technician,1,2013,7,4,15,No
1661,49,Female,Married,Research & Development,Healthcare Representative,4,13966,6,15,30,No
1662,36,Female,Married,Research & Development,Manufacturing Director,2,4374,1,3,4,No
1664,36,Male,Divorced,Research & Development,Healthcare Representative,2,6842,3,5,13,No
1665,54,Female,Married,Research & Development,Manager,4,17426,22,10,36,No
1666,43,Male,Married,Research & Development,Research Director,4,17603,15,14,14,No
1667,35,Male,Single,Sales,Sales Executive,2,4581,12,11,13,Yes
1668,38,Male,Married,Research & Development,Research Scientist,2,4735,1,13,19,No
1669,29,Male,Divorced,Sales,Sales Executive,2,4187,5,10,10,No
1670,33,Male,Divorced,Sales,Sales Executive,2,5505,2,6,6,No
1671,32,Male,Divorced,Research & Development,Research Scientist,2,5470,2,9,10,No
1673,31,Female,Married,Sales,Sales Executive,2,5476,5,10,10,No
1674,49,Female,Divorced,Research & Development,Laboratory Technician,1,2587,16,2,17,No
1675,38,Female,Single,Research & Development,Laboratory Technician,1,2440,2,4,4,No
1676,47,Female,Divorced,Sales,Manager,4,15972,2,3,29,No
1677,49,Male,Single,Research & Development,Manager,4,15379,1,8,23,No
1678,41,Male,Single,Sales,Sales Executive,3,7082,23,2,21,No
1680,20,Male,Single,Sales,Sales Representative,1,2728,9,2,2,No
1681,33,Female,Divorced,Sales,Sales Executive,2,5368,16,6,7,No
1682,36,Male,Married,Research & Development,Healthcare Representative,2,5347,26,3,10,No
1683,44,Female,Divorced,Human Resources,Human Resources,1,3195,1,2,8,No
1684,23,Male,Single,Research & Development,Laboratory Technician,1,3989,8,5,5,Yes
1687,38,Female,Married,Research & Development,Laboratory Technician,1,3306,4,0,7,No
1689,53,Male,Married,Research & Development,Healthcare Representative,3,7005,24,4,11,No
1691,48,Female,Married,Sales,Sales Representative,1,2655,7,9,19,Yes
1692,32,Male,Single,Research & Development,Laboratory Technician,1,1393,2,1,1,Yes
1693,26,Male,Single,Research & Development,Laboratory Technician,1,2570,7,7,7,No
1694,55,Male,Divorced,Research & Development,Research Scientist,1,3537,22,4,8,No
1696,34,Male,Married,Research & Development,Laboratory Technician,2,3986,5,15,15,No
1697,60,Male,Divorced,Research & Development,Healthcare Representative,3,10883,1,1,19,No
1698,33,Male,Married,Research & Development,Laboratory Technician,1,2028,21,14,14,No
1700,37,Male,Divorced,Sales,Sales Executive,2,9525,1,6,6,No
1701,34,Female,Married,Research & Development,Research Scientist,1,2929,19,10,10,No
1702,23,Male,Divorced,Sales,Sales Representative,1,2275,7,3,3,Yes
1703,44,Female,Married,Research & Development,Healthcare Representative,3,7879,2,8,9,No
1704,35,Male,Single,Research & Development,Research Scientist,1,4930,2,5,6,No
1706,43,Male,Married,Sales,Sales Executive,2,7847,2,10,10,No
1707,24,Male,Married,Research & Development,Research Scientist,1,4401,9,5,5,No
1708,41,Male,Single,Sales,Sales Executive,3,9241,6,10,10,No
1709,29,Female,Married,Research & Development,Laboratory Technician,1,2974,9,5,9,No
1710,36,Female,Single,Sales,Sales Representative,2,4502,2,13,17,No
1712,45,Male,Married,Research & Development,Healthcare Representative,3,10748,1,23,25,No
1714,24,Male,Married,Human Resources,Human Resources,1,1555,22,1,1,Yes
1716,47,Male,Married,Sales,Sales Executive,4,12936,9,23,25,Yes
1718,26,Male,Married,Research & Development,Laboratory Technician,1,2305,17,3,3,No
1719,45,Female,Single,Research & Development,Research Director,4,16704,28,21,21,No
1720,32,Male,Married,Research & Development,Research Scientist,1,3433,10,5,10,No
1721,31,Male,Married,Research & Development,Laboratory Technician,1,3477,2,5,6,No
1722,41,Male,Married,Human Resources,Human Resources,2,6430,4,3,10,No
1724,40,Female,Married,Research & Development,Manufacturing Director,2,6516,8,1,18,No
1725,24,Male,Divorced,Research & Development,Laboratory Technician,1,3907,29,6,6,No
1727,46,Male,Single,Research & Development,Healthcare Representative,2,5562,13,10,19,No
1728,35,Male,Married,Research & Development,Manufacturing Director,2,6883,27,7,17,No
1729,30,Male,Married,Research & Development,Research Scientist,1,2862,16,10,10,No
1731,47,Male,Married,Sales,Sales Executive,2,4978,2,1,4,No
1732,46,Male,Divorced,Sales,Sales Executive,3,10368,2,10,13,No
1733,36,Male,Divorced,Sales,Sales Executive,2,6134,13,2,16,Yes
1734,32,Male,Single,Sales,Sales Executive,2,6735,1,0,10,Yes
1735,23,Female,Single,Research & Development,Laboratory Technician,1,3295,4,3,3,No
1736,31,Female,Single,Research & Development,Manufacturing Director,2,5238,24,5,9,No
1737,39,Male,Married,Research & Development,Laboratory Technician,2,6472,1,9,9,No
1739,32,Male,Married,Sales,Sales Executive,3,9610,19,4,10,No
1740,40,Male,Single,Sales,Manager,5,19833,7,21,21,No
1744,45,Female,Married,Human Resources,Human Resources,3,9756,4,5,9,No
1745,30,Female,Single,Research & Development,Research Scientist,1,4968,2,9,10,No
1746,24,Male,Married,Human Resources,Human Resources,1,2145,10,2,3,No
1747,30,Female,Divorced,Human Resources,Human Resources,1,2180,8,4,6,Yes
1749,31,Male,Married,Sales,Sales Executive,2,8346,5,5,6,No
1751,27,Female,Single,Research & Development,Research Scientist,1,3445,8,6,6,No
1752,29,Female,Single,Sales,Sales Representative,1,2760,9,2,2,Yes
1753,29,Male,Single,Research & Development,Healthcare Representative,2,6294,1,3,10,No
1754,30,Male,Divorced,Sales,Sales Executive,3,7140,15,7,12,No
1755,34,Male,Married,Research & Development,Research Scientist,1,2932,2,5,6,No
1756,33,Female,Single,Sales,Sales Executive,2,5147,2,11,13,No
1757,49,Female,Single,Sales,Sales Executive,2,4507,11,5,8,No
1758,33,Female,Single,Sales,Sales Executive,3,8564,16,0,11,Yes
1760,38,Female,Married,Research & Development,Laboratory Technician,1,2468,2,6,9,No
1761,31,Male,Married,Sales,Sales Executive,3,8161,16,1,10,Yes
1762,29,Female,Divorced,Research & Development,Research Scientist,1,2109,4,1,1,No
1763,30,Male,Married,Research & Development,Healthcare Representative,2,5294,16,7,10,No
1764,32,Male,Single,Research & Development,Research Scientist,1,2718,5,7,12,No
1766,38,Male,Married,Research & Development,Healthcare Representative,2,5811,18,1,15,No
1767,43,Male,Married,Research & Development,Research Scientist,1,2437,17,1,6,Yes
1768,42,Male,Divorced,Research & Development,Laboratory Technician,1,2766,12,5,7,No
1770,55,Male,Married,Research & Development,Research Director,5,19038,2,1,34,No
1771,33,Male,Divorced,Research & Development,Research Scientist,2,3055,4,9,11,No
1772,41,Male,Divorced,Research & Development,Laboratory Technician,1,2289,9,5,5,No
1774,34,Male,Divorced,Sales,Sales Executive,2,4001,10,15,15,No
1775,53,Female,Married,Research & Development,Manufacturing Director,4,12965,1,3,27,No
1778,43,Male,Single,Human Resources,Human Resources,1,3539,2,9,10,No
1779,34,Female,Single,Sales,Sales Executive,2,6029,3,2,6,No
1780,21,Male,Single,Sales,Sales Representative,1,2679,7,1,1,Yes
1782,38,Female,Married,Research & Development,Laboratory Technician,1,3702,6,5,5,No
1783,22,Female,Married,Research & Development,Laboratory Technician,1,2398,8,1,1,Yes
1784,31,Female,Married,Sales,Sales Executive,2,5468,29,12,13,No
1786,51,Female,Married,Research & Development,Manager,3,13116,3,2,15,No
1787,37,Male,Married,Sales,Sales Executive,2,4189,9,5,5,No
1789,46,Male,Divorced,Research & Development,Research Director,5,19328,2,2,24,No
1790,36,Male,Married,Research & Development,Healthcare Representative,3,8321,10,12,15,No
1792,44,Male,Divorced,Research & Development,Research Scientist,1,2342,1,5,6,Yes
1794,37,Male,Divorced,Human Resources,Human Resources,2,4071,8,10,19,No
1797,35,Male,Single,Sales,Sales Executive,2,5813,27,10,10,Yes
1798,33,Male,Married,Research & Development,Research Scientist,1,3143,8,10,14,No
1799,28,Male,Married,Research & Development,Research Scientist,1,2044,1,5,5,No
1800,39,Male,Single,Research & Development,Research Director,3,13464,10,4,9,No
1801,46,Male,Single,Sales,Sales Executive,2,7991,26,2,6,No
1802,40,Female,Married,Research & Development,Laboratory Technician,1,3377,2,4,7,No
1803,42,Male,Married,Research & Development,Healthcare Representative,2,5538,13,0,10,No
1804,35,Male,Divorced,Research & Development,Manufacturing Director,2,5762,2,7,15,No
1805,38,Male,Divorced,Human Resources,Human Resources,1,2592,2,11,13,No
1807,34,Male,Married,Research & Development,Laboratory Technician,2,5346,9,7,11,Yes
1809,37,Male,Single,Research & Development,Manufacturing Director,2,4213,10,10,10,Yes
1812,39,Male,Divorced,Sales,Sales Executive,2,4127,20,2,7,No
1813,43,Male,Single,Research & Development,Research Scientist,1,2438,9,3,7,No
1814,41,Male,Single,Research & Development,Healthcare Representative,2,6870,5,3,11,No
1815,41,Female,Divorced,Sales,Sales Executive,3,10447,4,22,23,No
1816,30,Female,Single,Research & Development,Manufacturing Director,3,9667,10,7,9,No
1818,26,Female,Married,Human Resources,Human Resources,1,2148,20,5,6,Yes
1821,46,Female,Married,Research & Development,Healthcare Representative,2,8926,21,9,13,Yes
1822,40,Female,Divorced,Research & Development,Healthcare Representative,2,6513,1,5,12,No
1823,34,Male,Married,Sales,Sales Executive,2,6799,8,10,10,No
1824,58,Male,Divorced,Sales,Manager,4,16291,2,16,37,No
1826,35,Male,Married,Research & Development,Laboratory Technician,1,2705,23,5,6,No
1827,47,Female,Divorced,Research & Development,Manufacturing Director,3,10333,4,22,28,No
1829,40,Female,Divorced,Research & Development,Healthcare Representative,2,4448,12,7,15,No
1830,54,Female,Married,Research & Development,Research Scientist,2,6854,7,7,14,No
1833,31,Female,Married,Sales,Sales Executive,3,9637,7,3,9,No
1834,28,Female,Married,Research & Development,Research Scientist,1,3591,1,3,3,No
1835,38,Female,Married,Sales,Sales Representative,2,5405,2,4,20,No
1836,26,Male,Single,Sales,Sales Executive,2,4684,10,5,5,No
1837,58,Male,Married,Research & Development,Research Director,4,15787,15,2,23,No
1839,18,Female,Single,Research & Development,Research Scientist,1,1514,14,0,0,No
1842,31,Male,Married,Human Resources,Human Resources,1,2956,18,1,2,Yes
1844,29,Male,Divorced,Human Resources,Human Resources,1,2335,13,2,4,Yes
1845,45,Female,Married,Sales,Sales Executive,2,5154,2,8,10,No
1847,36,Female,Married,Research & Development,Research Scientist,2,6962,2,1,15,No
1849,43,Male,Married,Sales,Sales Executive,2,5675,2,7,7,No
1850,27,Female,Single,Research & Development,Laboratory Technician,1,2379,5,5,6,No
1852,29,Male,Married,Research & Development,Laboratory Technician,1,3812,20,11,11,No
1853,32,Male,Single,Sales,Sales Executive,2,4648,10,0,4,No
1854,42,Male,Married,Research & Development,Research Scientist,1,2936,10,6,10,No
1856,47,Female,Single,Research & Development,Laboratory Technician,1,2105,9,2,7,No
1857,46,Male,Divorced,Research & Development,Manufacturing Director,3,8578,2,9,12,No
1858,28,Male,Divorced,Human Resources,Human Resources,1,2706,1,3,3,No
1859,29,Male,Divorced,Research & Development,Healthcare Representative,2,6384,29,7,11,No
1860,42,Male,Single,Research & Development,Laboratory Technician,1,3968,8,0,8,No
1862,32,Male,Single,Sales,Sales Executive,2,9907,2,2,7,Yes
1863,46,Female,Divorced,Sales,Sales Executive,4,13225,3,19,25,No
1864,27,Female,Married,Sales,Sales Representative,2,3540,23,9,9,No
1865,29,Male,Married,Human Resources,Human Resources,1,2804,6,1,1,No
1866,43,Female,Married,Research & Development,Manager,5,19392,6,16,21,No
1867,48,Male,Married,Research & Development,Research Director,5,19665,10,22,29,No
1868,29,Male,Single,Research & Development,Research Scientist,1,2439,24,1,1,Yes
1869,46,Female,Married,Sales,Sales Executive,3,7314,10,8,14,Yes
1870,27,Female,Married,Research & Development,Research Scientist,1,4774,15,7,8,No
1871,39,Male,Divorced,Research & Development,Research Scientist,2,3902,19,2,7,No
1873,55,Male,Married,Research & Development,Research Scientist,1,2662,2,5,19,No
1875,28,Female,Married,Sales,Sales Representative,1,2856,3,1,1,No
1876,30,Male,Single,Sales,Sales Representative,1,1081,9,1,1,Yes
1878,22,Male,Single,Research & Development,Research Scientist,1,2472,7,1,1,Yes
1880,36,Female,Married,Sales,Sales Executive,2,5673,10,10,10,No
1881,31,Male,Divorced,Research & Development,Laboratory Technician,2,4197,20,10,10,No
1882,34,Male,Married,Sales,Sales Executive,3,9713,4,5,9,No
1883,29,Male,Single,Research & Development,Laboratory Technician,1,2062,7,3,11,No
1885,37,Male,Married,Research & Development,Research Scientist,2,4284,7,5,16,No
1886,35,Female,Married,Research & Development,Manufacturing Director,2,4788,16,3,4,No
1888,45,Female,Married,Research & Development,Manufacturing Director,2,5906,25,9,10,No
1890,36,Male,Single,Human Resources,Human Resources,2,3886,2,10,10,No
1892,40,Male,Divorced,Research & Development,Manager,4,16823,1,19,22,No
1893,26,Female,Married,Research & Development,Research Scientist,1,2933,1,1,1,No
1898,27,Female,Single,Sales,Sales Executive,2,6500,2,8,9,No
1900,48,Female,Divorced,Research & Development,Manager,4,17174,22,22,24,No
1903,44,Male,Married,Research & Development,Healthcare Representative,2,5033,1,2,10,No
1905,34,Male,Married,Research & Development,Research Scientist,1,2307,16,5,5,Yes
1907,56,Male,Single,Research & Development,Laboratory Technician,1,2587,24,4,5,Yes
1908,36,Male,Married,Sales,Sales Executive,2,5507,17,4,12,No
1909,41,Female,Married,Sales,Sales Executive,2,4393,8,5,14,No
1911,42,Male,Married,Research & Development,Research Director,3,13348,6,13,18,No
1912,31,Female,Divorced,Sales,Sales Executive,2,6583,10,5,8,No
1915,34,Female,Married,Sales,Sales Executive,2,8103,3,4,9,No
1916,31,Female,Divorced,Research & Development,Laboratory Technician,1,3978,4,2,4,No
1918,26,Male,Married,Research & Development,Laboratory Technician,1,2544,6,7,8,No
1922,45,Male,Single,Research & Development,Healthcare Representative,2,5399,1,4,12,No
1924,33,Male,Single,Sales,Sales Executive,2,5487,10,10,10,No
1927,28,Male,Married,Sales,Sales Executive,2,6834,1,7,7,No
1928,29,Male,Single,Sales,Sales Representative,1,1091,24,1,1,Yes
1929,39,Female,Married,Sales,Sales Executive,2,5736,21,3,10,No
1931,27,Male,Married,Research & Development,Research Scientist,1,2226,2,5,6,No
1932,34,Male,Married,Research & Development,Research Scientist,2,5747,22,15,16,No
1933,28,Female,Single,Sales,Sales Executive,2,9854,13,2,6,Yes
1934,47,Male,Married,Research & Development,Research Scientist,2,5467,14,8,16,No
1935,56,Female,Married,Sales,Sales Executive,2,5380,11,0,6,No
1936,39,Male,Married,Research & Development,Manufacturing Director,2,5151,9,10,10,No
1937,38,Female,Divorced,Research & Development,Research Scientist,2,2133,8,20,20,No
1938,58,Female,Married,Sales,Manager,4,17875,21,1,29,No
1939,32,Female,Single,Research & Development,Research Scientist,1,2432,5,4,8,Yes
1940,38,Male,Divorced,Research & Development,Research Scientist,1,4771,9,5,10,No
1941,49,Male,Married,Research & Development,Research Director,5,19161,2,5,28,No
1943,42,Male,Divorced,Sales,Sales Executive,2,5087,12,0,14,No
1944,27,Female,Married,Human Resources,Human Resources,1,2863,22,1,1,Yes
1945,35,Male,Married,Sales,Sales Executive,2,5561,18,5,6,No
1947,28,Male,Single,Research & Development,Research Scientist,1,2144,16,5,5,No
1948,31,Male,Divorced,Research & Development,Research Scientist,1,3065,3,4,4,No
1949,36,Male,Married,Research & Development,Laboratory Technician,1,2810,9,5,5,No
1950,34,Male,Single,Sales,Sales Executive,3,9888,1,14,14,No
1951,34,Male,Divorced,Sales,Sales Executive,3,8628,13,8,9,No
1952,26,Male,Single,Research & Development,Laboratory Technician,1,2867,1,7,8,No
1954,29,Male,Married,Research & Development,Healthcare Representative,2,5373,1,5,6,No
1955,32,Female,Divorced,Research & Development,Healthcare Representative,2,6667,15,5,9,No
1956,31,Male,Married,Research & Development,Research Scientist,2,5003,1,10,10,No
1960,28,Male,Divorced,Research & Development,Laboratory Technician,1,2367,17,4,6,Yes
1961,38,Male,Single,Sales,Sales Representative,1,2858,1,1,20,No
1962,35,Female,Married,Sales,Sales Executive,2,5204,7,10,10,No
1965,27,Male,Single,Sales,Sales Executive,2,4105,9,7,7,No
1966,32,Male,Single,Research & Development,Manufacturing Director,2,9679,5,1,8,No
1967,31,Male,Married,Sales,Sales Executive,2,5617,26,10,10,Yes
1968,53,Male,Single,Sales,Sales Executive,3,10448,24,2,15,Yes
1969,54,Female,Married,Research & Development,Research Scientist,2,2897,9,4,9,No
1970,33,Male,Divorced,Research & Development,Healthcare Representative,2,5968,7,9,9,No
1971,43,Male,Married,Research & Development,Healthcare Representative,3,7510,11,10,10,No
1972,38,Male,Married,Human Resources,Human Resources,1,2991,1,6,7,No
1973,55,Male,Married,Human Resources,Manager,5,19636,26,10,35,No
1974,31,Female,Divorced,Research & Development,Laboratory Technician,1,1129,2,1,1,No
1975,39,Male,Single,Sales,Sales Executive,4,13341,15,20,21,No
1976,42,Male,Single,Research & Development,Research Scientist,2,4332,23,20,20,No
1979,31,Female,Married,Research & Development,Research Director,3,11031,10,11,13,No
1980,54,Female,Single,Research & Development,Manufacturing Director,2,4440,10,5,9,No
1981,24,Male,Single,Research & Development,Healthcare Representative,2,4617,1,4,4,No
1982,23,Male,Single,Research & Development,Laboratory Technician,1,2647,12,5,5,No
1985,40,Female,Married,Research & Development,Laboratory Technician,2,6323,11,10,10,No
1986,40,Female,Married,Sales,Sales Executive,2,5677,2,11,15,No
1987,25,Female,Married,Human Resources,Human Resources,1,2187,2,2,6,No
1989,30,Male,Married,Research & Development,Laboratory Technician,1,3748,1,12,12,No
1992,25,Male,Divorced,Research & Development,Laboratory Technician,1,3977,2,2,7,No
1993,47,Male,Single,Research & Development,Healthcare Representative,3,8633,25,17,25,No
1994,33,Male,Divorced,Research & Development,Laboratory Technician,1,2008,1,1,1,No
1995,38,Male,Married,Sales,Sales Executive,2,4440,1,15,16,No
1996,31,Male,Married,Sales,Sales Representative,1,3067,2,2,3,No
1997,38,Male,Married,Research & Development,Manufacturing Director,2,5321,6,8,10,No
1998,42,Male,Divorced,Research & Development,Research Scientist,2,5410,18,4,9,No
1999,41,Male,Married,Research & Development,Research Scientist,1,2782,1,5,12,No
2000,47,Female,Married,Research & Development,Research Director,3,11957,1,13,14,No
2003,35,Male,Married,Research & Development,Laboratory Technician,1,2660,11,2,5,No
2007,22,Male,Single,Research & Development,Research Scientist,1,3375,1,3,4,No
2008,35,Male,Single,Research & Development,Research Scientist,2,5098,9,10,10,No
2009,33,Female,Married,Research & Development,Healthcare Representative,2,4878,15,9,10,No
2010,32,Female,Single,Research & Development,Laboratory Technician,1,2837,29,6,6,No
2012,40,Male,Married,Research & Development,Laboratory Technician,1,2406,1,1,8,No
2013,32,Male,Married,Sales,Sales Representative,1,2269,1,2,3,No
2014,39,Male,Single,Research & Development,Research Scientist,2,4108,24,7,18,No
2015,38,Female,Married,Research & Development,Research Director,3,13206,10,18,20,No
2016,32,Female,Married,Sales,Sales Executive,3,10422,1,14,14,No
2017,37,Female,Married,Research & Development,Research Director,3,13744,10,16,16,No
2018,25,Female,Divorced,Sales,Sales Executive,2,4907,8,5,6,No
2019,52,Male,Divorced,Sales,Sales Representative,1,3482,29,9,16,No
2020,44,Male,Single,Research & Development,Research Scientist,1,2436,1,4,6,No
2021,21,Male,Single,Sales,Sales Representative,1,2380,5,2,2,No
2022,39,Male,Single,Research & Development,Manager,5,19431,9,6,21,No
2023,23,Male,Married,Sales,Sales Representative,1,1790,9,1,1,Yes
2024,36,Female,Married,Sales,Sales Executive,3,7644,3,9,10,No
2025,36,Female,Divorced,Research & Development,Manufacturing Director,2,5131,4,4,18,No
2026,56,Male,Divorced,Research & Development,Healthcare Representative,2,6306,1,13,13,No
2027,29,Male,Married,Research & Development,Research Scientist,1,4787,1,2,4,Yes
2031,42,Male,Married,Research & Development,Manager,5,18880,2,22,24,No
2032,56,Male,Married,Research & Development,Laboratory Technician,1,2339,7,10,14,Yes
2034,41,Female,Married,Research & Development,Manufacturing Director,4,13570,28,20,21,No
2035,34,Female,Married,Sales,Sales Executive,2,6712,28,8,8,No
2036,36,Male,Divorced,Sales,Sales Executive,2,5406,15,15,15,No
2037,41,Male,Divorced,Sales,Sales Executive,2,8938,3,5,14,No
2038,32,Male,Single,Research & Development,Research Scientist,1,2439,2,4,4,No
2040,35,Female,Single,Human Resources,Human Resources,3,8837,26,9,9,No
2041,38,Female,Married,Sales,Sales Executive,2,5343,10,10,10,No
2044,50,Male,Divorced,Sales,Sales Executive,2,6728,1,6,12,Yes
2045,36,Female,Married,Sales,Sales Executive,2,6652,11,6,8,No
2046,45,Female,Single,Sales,Sales Executive,2,4850,20,5,8,No
2048,40,Male,Single,Research & Development,Research Scientist,1,2809,2,2,8,No
2049,35,Male,Married,Research & Development,Healthcare Representative,2,5689,18,10,10,No
2051,40,Female,Married,Research & Development,Research Scientist,1,2001,2,5,20,No
2052,35,Female,Married,Research & Development,Research Scientist,1,2977,1,4,4,No
2053,29,Male,Married,Research & Development,Laboratory Technician,2,4025,13,4,10,No
2054,29,Female,Single,Research & Development,Research Scientist,1,3785,28,5,5,No
2055,50,Male,Divorced,Sales,Sales Executive,3,10854,28,3,20,Yes
2056,39,Female,Married,Sales,Sales Executive,4,12031,24,20,21,No
2057,31,Male,Single,Research & Development,Manufacturing Director,2,9936,5,9,10,No
2060,26,Female,Single,Sales,Sales Representative,1,2966,5,4,5,No
2061,36,Male,Married,Research & Development,Laboratory Technician,2,2571,23,5,17,No
2062,39,Male,Married,Research & Development,Healthcare Representative,3,9991,6,7,9,No
2064,27,Male,Married,Research & Development,Manufacturing Director,2,6142,4,6,6,No
2065,49,Male,Married,Sales,Sales Executive,2,5390,2,9,17,No
2068,34,Male,Married,Research & Development,Laboratory Technician,2,4404,8,4,6,No
